experiment,mode,lambda,prompt,seed,stable,requests_per_s,output_tokens_per_s,decode_time,tpot,tpot_token_weighted,tpot_p99,decoding_per_station,ttft,response,decoding_per_engine,batch_per_step,decode_step,residents_per_engine,E_prefill_only,E_decode_only,E_mixed,E_idle,P_prefill_only,P_decode_only,P_mixed,P_idle,D_prefill_only,D_decode_only,D_mixed,D_idle
ps,colocated,5,-,1,True,4.970370370370371,1044.7444444444445,0.20617295231484245,0.0009957301066378691,0.0009855563423910416,0.002400000000000091,0.25590247868512217,,,,,,,,,,,,,,,,,,
ps,colocated,5,-,2,True,5.159259259259259,1056.9222222222222,0.20288499532628984,0.0010001481514608907,0.0009952207175589537,0.002750585260095747,0.26136450105477427,,,,,,,,,,,,,,,,,,
ps,colocated,5,-,3,True,4.866666666666666,967.925925925926,0.1949818217562391,0.0009955452125507676,0.000985309598992787,0.0024000000000038804,0.23699470415552296,,,,,,,,,,,,,,,,,,
ps,colocated,5,-,4,True,4.92962962962963,973.9518518518519,0.1940016841825306,0.0009861236752522035,0.00098692932794779,0.002400000000000497,0.2394306512051276,,,,,,,,,,,,,,,,,,
ps,colocated,5,-,5,True,5.044444444444444,1019.0111111111111,0.21156531226236305,0.0010306209645719502,0.0010525291404178633,0.0027701545531565435,0.2672952014975362,,,,,,,,,,,,,,,,,,
ps,colocated,10,-,1,True,9.92962962962963,2051.711111111111,0.26896806857342326,0.0013176194042705343,0.001308050507536716,0.0036797506428997402,0.6639210120786874,,,,,,,,,,,,,,,,,,
ps,colocated,10,-,2,True,10.22962962962963,2118.4814814814813,0.28214948668416756,0.001355248686713927,0.0013690417235653713,0.004305861327907064,0.7214979591047868,,,,,,,,,,,,,,,,,,
ps,colocated,10,-,3,True,9.885185185185184,1971.5037037037036,0.2507831588120604,0.0012924378256978907,0.0012637716981052831,0.0041346041621941575,0.6182725439182131,,,,,,,,,,,,,,,,,,
ps,colocated,10,-,4,True,10.088888888888889,2003.3703703703704,0.26777597470061326,0.0013480154371466972,0.001355333946041833,0.004150911134361453,0.6755310847607556,,,,,,,,,,,,,,,,,,
ps,colocated,10,-,5,True,9.977777777777778,2016.588888888889,0.2776432789260985,0.0013694266312083087,0.0013805679253336791,0.004442302049494751,0.6887439277342824,,,,,,,,,,,,,,,,,,
ps,colocated,15,-,1,True,14.896296296296295,3042.811111111111,0.39002791550384697,0.0019435486571664359,0.0019188027895452669,0.006366599399596423,1.454121299391675,,,,,,,,,,,,,,,,,,
ps,colocated,15,-,2,True,15.237037037037037,3109.537037037037,0.4192299306559752,0.002039308602275264,0.0020643835376141888,0.007809300870122267,1.5871738836496179,,,,,,,,,,,,,,,,,,
ps,colocated,15,-,3,True,14.892592592592592,3000.6185185185186,0.4063159415743691,0.0020146344721102753,0.0020266755663000723,0.008290027572500323,1.5104039570154626,,,,,,,,,,,,,,,,,,
ps,colocated,15,-,4,True,15.155555555555555,3023.607407407407,0.39797311887554715,0.0019946941689041584,0.0020048529974057492,0.007199999999999723,1.499997422298296,,,,,,,,,,,,,,,,,,
ps,colocated,15,-,5,True,14.87037037037037,3011.1740740740743,0.4017912182616997,0.0019864862379246036,0.0019940516108992645,0.007019634107796271,1.4947949175836732,,,,,,,,,,,,,,,,,,
ps,colocated,20,-,1,True,19.83703703703704,4048.0481481481484,0.8162957546301249,0.0040467273025737065,0.0040198710224269695,0.021372927865885537,4.04240506975394,,,,,,,,,,,,,,,,,,
ps,colocated,20,-,2,True,20.28148148148148,4082.9185185185183,0.8004956622414054,0.00396521617647801,0.003996231462901252,0.015515400295361779,4.032707446937331,,,,,,,,,,,,,,,,,,
ps,colocated,20,-,3,True,19.755555555555556,3984.6444444444446,0.752135044383092,0.0037264344298371726,0.0037476070757570348,0.014472603024523155,3.694802506070635,,,,,,,,,,,,,,,,,,
ps,colocated,20,-,4,True,19.98148148148148,4074.3444444444444,0.8173332532158507,0.004062663045261582,0.004028136950865467,0.014941664964294825,4.066881681366745,,,,,,,,,,,,,,,,,,
ps,colocated,20,-,5,True,19.755555555555556,4017.2703703703705,0.8798603332787143,0.0044016399583931545,0.00434823396546249,0.017254327797626378,4.373561231734348,,,,,,,,,,,,,,,,,,
ps,split,5,-,1,True,4.966666666666667,1040.7740740740742,0.0506503216270615,0.00024672882669437245,0.00024286683246524257,0.0005999999999998731,0.2515632640810721,,,,,,,,,,,,,,,,,,
ps,split,5,-,2,True,5.155555555555556,1055.111111111111,0.05231654089201165,0.0002577239795665058,0.00025688785741082563,0.0007493316707220109,0.2697208330432598,,,,,,,,,,,,,,,,,,
ps,split,5,-,3,True,4.862962962962963,965.6888888888889,0.04969022041942013,0.0002549545350671939,0.00025149373575472704,0.0006000000000002414,0.24218522284547395,,,,,,,,,,,,,,,,,,
ps,split,5,-,4,True,4.937037037037037,975.4740740740741,0.04722546018612722,0.0002419322718734984,0.00024023178625086388,0.0005999999999996855,0.23320614011786947,,,,,,,,,,,,,,,,,,
ps,split,5,-,5,True,5.044444444444444,1022.0666666666667,0.05120193010124666,0.0002528579016010181,0.00025396228931921045,0.0007435419656202418,0.25834261378355255,,,,,,,,,,,,,,,,,,
ps,split,10,-,1,True,9.903703703703703,2040.1962962962964,0.06611638728668603,0.0003308967421736481,0.00032251366725941365,0.001016541947022428,0.6545189729678222,,,,,,,,,,,,,,,,,,
ps,split,10,-,2,True,10.225925925925926,2117.8074074074075,0.07186501260885492,0.00034705086056215925,0.00034868701497951565,0.0010952071033329958,0.7348862956038831,,,,,,,,,,,,,,,,,,
ps,split,10,-,3,True,9.877777777777778,1966.7111111111112,0.062268725428890004,0.0003225109950876703,0.00031432244218995047,0.0009713349905088622,0.6135685369039224,,,,,,,,,,,,,,,,,,
ps,split,10,-,4,True,10.096296296296297,2004.1296296296296,0.06534584619816426,0.0003307688605037787,0.0003308625858555714,0.0009940517788423239,0.6597510249488712,,,,,,,,,,,,,,,,,,
ps,split,10,-,5,True,9.951851851851853,2005.9851851851852,0.06975215048926722,0.0003453551079563348,0.0003477712803813873,0.0010839284271904098,0.6940206735166095,,,,,,,,,,,,,,,,,,
ps,split,15,-,1,True,14.896296296296295,3042.822222222222,0.0932614595854464,0.0004728146371072079,0.00045881252348834985,0.0016435458264235986,1.3891750797265499,,,,,,,,,,,,,,,,,,
ps,split,15,-,2,True,15.222222222222221,3096.7185185185185,0.10635601446135678,0.0005276562546726502,0.0005253859590052171,0.002296461487575776,1.6176730447919698,,,,,,,,,,,,,,,,,,
ps,split,15,-,3,True,14.885185185185184,2996.6111111111113,0.09572175842629772,0.00048117018876598944,0.0004778561597624173,0.0016340981687905179,1.4248975259332775,,,,,,,,,,,,,,,,,,
ps,split,15,-,4,True,15.14074074074074,3013.688888888889,0.10183318639138929,0.0005079511372439387,0.0005141921349196149,0.0017205685844139396,1.539618475822514,,,,,,,,,,,,,,,,,,
ps,split,15,-,5,True,14.877777777777778,3015.774074074074,0.10332935662033735,0.0005079630076182363,0.0005122840158173672,0.0019513013520910658,1.5334571203380936,,,,,,,,,,,,,,,,,,
ps,split,20,-,1,True,19.82962962962963,4037.1925925925925,0.1797263855244286,0.0009131846737176236,0.0008871261303690943,0.0034814641697425725,3.5632955706479024,,,,,,,,,,,,,,,,,,
ps,split,20,-,2,True,20.22222222222222,4067.8777777777777,0.22242330672404315,0.0011024327376274335,0.0011112342624612843,0.005365610724747348,4.498931159897458,,,,,,,,,,,,,,,,,,
ps,split,20,-,3,True,19.72962962962963,3975.677777777778,0.17474636184824582,0.000875777534306564,0.0008715182477821548,0.0038053638604093787,3.449178158664546,,,,,,,,,,,,,,,,,,
ps,split,20,-,4,True,19.944444444444443,4052.9777777777776,0.207227883099961,0.0010175659335866143,0.0010247981259334175,0.0038715240667170684,4.135696111677274,,,,,,,,,,,,,,,,,,
ps,split,20,-,5,True,19.751851851851853,4024.5222222222224,0.2058512109080014,0.001011198694993932,0.0010152748460839041,0.004053563971706353,4.069283696370354,,,,,,,,,,,,,,,,,,
step,colocated,20,fixed,1,True,19.833333333333332,4054.8444444444444,0.04448567917756833,0.00024226491988567643,0.0002186609353463419,0.000710886075946559,,0.04039163514850979,0.08487731432607791,0.20604054817982592,1.0313430186316133,0.00020412537207452667,0.4208685086497791,0.1983675843400795,0.19805523706902317,0.0,0.6035771785908973,,,,,,,,
step,colocated,20,fixed,2,True,20.22962962962963,4155.8481481481485,0.04502917832219677,0.0002620576673748634,0.00022026296572221117,0.0007559452054801898,,0.04044757056886,0.08547674889105716,0.2112492499653365,1.0310267225305232,0.0002041241068901215,0.4323492553793151,0.20231794018517343,0.2036878573730209,0.0,0.5939942024418057,,,,,,,,
step,colocated,20,fixed,3,True,19.744444444444444,3989.2296296296295,0.04407871768820923,0.00023401224414440093,0.00021925004174983334,0.0007559452054657843,,0.040409747542501054,0.08448846523071014,0.20264235682117948,1.0291625470714496,0.00020411665018828552,0.4168900191776571,0.1973732511073395,0.1954795790437438,0.0,0.6071471698489167,,,,,,,,
step,colocated,20,fixed,4,True,19.94814814814815,4050.762962962963,0.044203747492729935,0.00023523199924754034,0.00021876046015495787,0.0007266493506492296,,0.04042095233874795,0.08462469983147804,0.2061210915067678,1.0331268491301973,0.00020413250739651986,0.4224057473032201,0.19959259259259626,0.1978870079498658,0.0,0.6025203994575379,,,,,,,,
step,colocated,20,fixed,5,True,19.762962962962963,4030.4444444444443,0.044311956520981605,0.0002338161542073395,0.0002183508113481759,0.0008711333333304576,,0.040440659915010606,0.08475261643599229,0.20486576801338682,1.0282369773361133,0.0002041129479093432,0.41882406639130965,0.1976700008719115,0.19772126430994683,0.0,0.6046087348181417,,,,,,,,
step,colocated,40,fixed,1,True,39.544444444444444,8010.3074074074075,0.06032104036619706,0.00047062824444617013,0.00029926395260730047,0.003690260869570525,,0.04305372180725986,0.10337476217345733,0.41034528716818275,1.2523595362180469,0.00020500943814487254,1.0222653042839835,0.39557737130044335,0.3242792656321325,0.0,0.28014336306742416,,,,,,,,
step,colocated,40,fixed,2,True,40.41481481481482,8116.8074074074075,0.0615413134154995,0.00047561187296945483,0.00030795689494206313,0.003844363636351938,,0.04340890742387689,0.1049502208393764,0.4162051674058864,1.2732796032944729,0.00020509311841317897,1.0613772222588422,0.4044505407378294,0.32337550496409484,0.0,0.2721739542980758,,,,,,,,
step,colocated,40,fixed,3,True,39.86666666666667,8040.018518518518,0.06134616685152314,0.00045936067888146295,0.00030570259545527,0.003848363636367677,,0.0430678391236259,0.10441400597514944,0.4119207051023872,1.262198392517005,0.0002050487935700693,1.040651235396472,0.39869707349205663,0.3229360902902302,0.0,0.2783668362177132,,,,,,,,
step,colocated,40,fixed,4,True,39.629629629629626,8072.044444444445,0.061390845606542455,0.0004265549370002735,0.0003028848148566575,0.00354133333332148,,0.042986494041918344,0.10437733964846109,0.41359448887962963,1.2584058362936126,0.0002050336233451744,1.0339354637971399,0.3961825455691796,0.32522852591919293,0.0,0.2785889285116274,,,,,,,,
step,colocated,40,fixed,5,True,40.00370370370371,8153.622222222222,0.06161050013787226,0.00044416885893794935,0.0003037668318922215,0.003856909090908997,,0.0431897538371683,0.10480025397504042,0.4177628826952833,1.2666340418047541,0.00020506653616722008,1.048047529716036,0.4000772568730807,0.32644962009317113,0.0,0.27347312303374816,,,,,,,,
step,colocated,60,fixed,1,True,59.25555555555555,12026.62962962963,0.10712290881910276,0.0010684749399877001,0.0005304110522085577,0.012226799999993432,,0.04966725989899008,0.15679016871809068,0.6294207073647157,1.9270939206105728,0.0002077086873857999,2.321715982682845,0.5924804991001721,0.32289395201780735,0.0,0.08462554888202056,,,,,,,,
step,colocated,60,fixed,2,True,60.25925925925926,12063.448148148149,0.1089689017817497,0.0010809356457245302,0.000547053400929281,0.013541333333317121,,0.050114730525849936,0.15908363230759975,0.6326707896696537,1.9601028082272118,0.00020785094009969878,2.3968794488455627,0.6027244025745917,0.31876583371835715,0.0,0.07850976370705115,,,,,,,,
step,colocated,60,fixed,3,True,59.82222222222222,12141.137037037037,0.1104037786482528,0.0010210203299536869,0.0005466788575337744,0.011129090909091392,,0.049630564948077854,0.16003434359633056,0.636579375352415,1.9642598299677265,0.00020785704136306864,2.3934057563855493,0.5982079967047639,0.3198355667625865,0.0,0.08195643653264961,,,,,,,,
step,colocated,60,fixed,4,True,59.81481481481482,12172.477777777778,0.10863756656285724,0.0009978368137619742,0.0005364745923963091,0.010226999999997589,,0.04978749418042238,0.15842506074327922,0.6378648388011445,1.9668705174042993,0.00020786748206961714,2.3693322747787775,0.598427358506038,0.32049915237911575,0.0,0.08107348911484624,,,,,,,,
step,colocated,60,fixed,5,True,59.58148148148148,12116.059259259258,0.1110392185664451,0.0010594991869897691,0.0005487407903599373,0.011648571428569962,,0.04989787444430121,0.16093709301074516,0.635365863964352,1.959288698912773,0.00020784159125077046,2.396701517603022,0.5957125021116422,0.3200304484079534,0.0,0.08425704948040441,,,,,,,,
step,colocated,70,fixed,1,True,69.13703703703703,14018.251851851852,0.16335756447521713,0.0018475253010350307,0.000809661267782261,0.022542222222210424,,0.05556566860338133,0.21892323307859896,0.7547154245352607,2.7042665708993145,0.0002108852846310141,3.7877489353305784,0.6916883120520714,0.272869063667803,0.0,0.03544262428012562,,,,,,,,
step,colocated,70,fixed,2,True,70.27777777777777,14059.077777777778,0.1697783576281983,0.0019042395740423187,0.0008529427605563475,0.02024799999999871,,0.056728385943687766,0.22650674357188735,0.7632584071101924,2.7779944665883076,0.00021132147272450797,3.9743201772054038,0.7020511050888631,0.26647325155544666,0.0,0.0314756433556902,,,,,,,,
step,colocated,70,fixed,3,True,69.85555555555555,14259.237037037037,0.1771913464437774,0.0019728881349058563,0.0008723283648142965,0.02377741176471706,,0.05593730316498507,0.2331286496087629,0.7822345372847878,2.810537149164654,0.00021155645884504996,4.07247262500759,0.698743138174399,0.2673787261112531,0.0,0.03387813571434789,,,,,,,,
step,colocated,70,fixed,4,True,69.77037037037037,14085.992592592593,0.16583990996894876,0.0017129740361434352,0.000825522866095655,0.02022000000002322,,0.05646005089650563,0.22229996086545428,0.7596700413860249,2.751310155210118,0.00021109350184492782,3.876732413669212,0.6975815547367967,0.26939018340683496,0.0,0.03302826185636831,,,,,,,,
step,colocated,70,fixed,5,True,69.4074074074074,14115.777777777777,0.1685643568219255,0.0019009683193172335,0.0008329279863633906,0.023087428571427284,,0.056381446414092234,0.22494580323601981,0.7633003363026285,2.7435729153928516,0.0002111169036751204,3.9007089860557755,0.693840233335977,0.2704469648919856,0.0,0.035712801772037395,,,,,,,,
step,split,20,fixed,1,True,19.833333333333332,4054.8444444444444,0.042230490792186166,0.00020886654958800194,0.0002075759837204147,0.00023585458484376431,,0.04079773974845643,0.08302823054064254,0.8363411276689686,1.4723618090452395,0.00020588944723617903,0.8375083638166321,,,,,0.26449011245343934,0.0,0.0,0.7355098875465607,0.0,0.5641997054529516,0.0,0.4358002945470484
step,split,20,fixed,2,True,20.22962962962963,4155.8481481481485,0.04242556910517528,0.00020883581505294193,0.00020752725281136355,0.00023822617932485932,,0.04095008597280686,0.08337565507798188,0.8571990443024605,1.47092362421785,0.00020588369449687217,0.8584010237747839,,,,,0.2697572535802312,0.0,0.0,0.7302427464197687,0.0,0.5789593702346725,0.0,0.4210406297653275
step,split,20,fixed,3,True,19.744444444444444,3989.2296296296295,0.0417146095025268,0.0002087045042129819,0.00020749083355148275,0.00023527931348136613,,0.040848370407663814,0.08256297991019063,0.8221805235775392,1.4606580108063856,0.00020584263204322695,0.8232988319592679,,,,,0.263164334809786,0.0,0.0,0.7368356651902139,0.0,0.5591704495098666,0.0,0.4408295504901334
step,split,20,fixed,4,True,19.951851851851853,4052.0962962962963,0.04195022585566293,0.00020896261578603497,0.00020757805256136735,0.00024045620686763414,,0.04077505341680082,0.08272527927246387,0.8365221234284131,1.465714524009364,0.0002058628580960398,0.8376847342140218,,,,,0.2661234567901284,0.0,0.0,0.7338765432098716,0.0,0.5667903431926048,0.0,0.4332096568073952
step,split,20,fixed,5,True,19.762962962962963,4030.4444444444443,0.04210317152502358,0.00020861228726838343,0.00020746684156153875,0.0002330211874915936,,0.04084056680341715,0.08294373832844042,0.8311271705864993,1.4557126709756123,0.0002058228506839034,0.8322553804297245,,,,,0.26356000116254863,0.0,0.0,0.7364399988374514,0.0,0.5671854520742124,0.0,0.43281454792578755
step,split,40,fixed,1,True,39.54074074074074,8009.896296296296,0.04246191445278441,0.00021247722179444948,0.00021065252848886744,0.00024760520078562616,,0.045211552395377635,0.08767346684816234,1.676371434125905,2.0210863081687216,0.0002080843452326764,1.6797417993585868,,,,,0.5274476900482133,0.0,0.0,0.47255230995178665,0.0,0.8209632082842281,0.0,0.17903679171577191
step,split,40,fixed,2,True,40.42962962962963,8122.2444444444445,0.04212147680184504,0.00021236462596488254,0.0002107145171688337,0.0002462552136179852,,0.04601317354838432,0.08813465035022927,1.69979427579522,2.038036718151842,0.0002081521468726087,1.7032466584718722,,,,,0.539214136100716,0.0,0.0,0.460785863899284,0.0,0.8255616958056494,0.0,0.17443830419435058
step,split,40,fixed,3,True,39.86666666666667,8040.018518518518,0.04228589612754314,0.00021240207010723639,0.00021072071591088997,0.00024664739801968,,0.04555986780524011,0.08784576393278341,1.682294271507195,2.0260432105483144,0.00020810417284219233,1.6856385138505716,,,,,0.5315775769021104,0.0,0.0,0.4684224230978896,0.0,0.821653323373539,0.0,0.17834667662646098
step,split,40,fixed,4,True,39.62222222222222,8071.711111111111,0.04272517932948383,0.00021235693240333743,0.00021076292522346392,0.0002448673018534464,,0.04539144711952566,0.0881166264490096,1.6895492147823767,2.0338941085774995,0.00020813557643430987,1.6928665498716913,,,,,0.5282372261541468,0.0,0.0,0.4717627738458532,0.0,0.8219520592428039,0.0,0.1780479407571961
step,split,40,fixed,5,True,40.007407407407406,8152.440740740741,0.04274425307980559,0.0002124655482565398,0.0002107982496771362,0.00024502586318438563,,0.04561123989507741,0.08835549297488299,1.7065697824893626,2.0465946605592733,0.00020818637864223499,1.7099885412724591,,,,,0.533410005793467,0.0,0.0,0.466589994206533,0.0,0.8251798336637145,0.0,0.1748201663362855
step,split,60,fixed,1,True,59.24444444444445,12025.481481481482,0.04314045134832921,0.00021568668134511857,0.00021358695012506753,0.0002572232809598063,,0.06271628484777703,0.10585673619610628,2.550628163449542,2.6798295405074155,0.00021071943640564385,2.5564429319174615,,,,,0.7899853449555265,0.0,0.0,0.21001465504447347,0.0,0.9411487249445165,0.0,0.05885127505548349
step,split,60,fixed,2,True,60.27407407407407,12066.962962962964,0.04254612825796167,0.0002154383613884645,0.0002135833209236055,0.00025376874001873756,,0.06559117204187051,0.10813730029983329,2.5583751851081495,2.6776409967511965,0.00021071056398700556,2.5642634506686517,,,,,0.8036218055596377,0.0,0.0,0.1963781944403623,0.0,0.94477418762736,0.0,0.055225812372640015
step,split,60,fixed,3,True,59.82222222222222,12141.137037037037,0.04317210707179951,0.00021555753982865848,0.00021377237681810774,0.00025010026971017396,,0.06608293645853656,0.10925504353033676,2.5768746093562265,2.7006061740004768,0.00021080242755715738,2.5827398417665828,,,,,0.7975889970966308,0.0,0.0,0.20241100290336922,0.0,0.9430700992874979,0.0,0.056929900712502146
step,split,60,fixed,4,True,59.82592592592592,12171.781481481481,0.043296670339513135,0.0002156642672360283,0.00021386004767684575,0.00025348661130237816,,0.06354875575905905,0.10684542609857234,2.5847604035770018,2.713090147446232,0.0002108523605897843,2.5906443961005556,,,,,0.7977848102862182,0.0,0.0,0.20221518971378183,0.0,0.9414363057104511,0.0,0.058563694289548884
step,split,60,fixed,5,True,59.57037037037037,12110.981481481482,0.04325223954698271,0.0002155909684525098,0.00021379670027074337,0.00025200250915702327,,0.06499328118019455,0.10824552072717622,2.5706300746234767,2.702189025721982,0.00021080878007346689,2.5764886361332513,,,,,0.7942994518938032,0.0,0.0,0.20570054810619676,0.0,0.9401620932003613,0.0,0.05983790679963874
step,split,70,fixed,1,True,69.14444444444445,14031.4,0.04340244355071924,0.0002169850170145887,0.00021493932945896682,0.0002572512557463824,,0.11832869479668905,0.1617311383474073,2.9940716885285537,3.0385366518119734,0.0002121542615369302,3.001082502633132,,,,,0.9219728628118844,0.0,0.0,0.0780271371881156,0.0,0.9748795190918673,0.0,0.02512048090813268
step,split,70,fixed,2,True,70.25925925925925,14049.474074074074,0.04277681961874217,0.00021695551976349842,0.00021499545573150963,0.0002569624192290121,,0.12273864981171301,0.16551546943045578,2.997108183474813,3.042813672696416,0.00021217125469078106,3.0042583999983266,,,,,0.9365115852273972,0.0,0.0,0.06348841477260281,0.0,0.9743624426171125,0.0,0.025637557382887532
step,split,70,fixed,3,True,69.87777777777778,14268.151851851851,0.043744491332890593,0.00021713143429753833,0.00021529150856041703,0.0002572478413298995,,0.12619366460737458,0.16993815594026557,3.0487528511037914,3.0968284123313814,0.000212387316442016,3.0558241779621325,,,,,0.9316128266588336,0.0,0.0,0.0683871733411664,0.0,0.9734564777512457,0.0,0.026543522248754337
step,split,70,fixed,4,True,69.77777777777777,14084.596296296297,0.04320696391413214,0.00021692503750403463,0.00021512129625289545,0.0002563195182574418,,0.12797880293600503,0.17118576685013714,3.007895504467961,3.0574611508229186,0.00021222984460329486,3.0149841793940975,,,,,0.930393834434221,0.0,0.0,0.06960616556577903,0.0,0.9728546633484824,0.0,0.027145336651517638
step,split,70,fixed,5,True,69.39259259259259,14099.3,0.04349931157928422,0.00021709950129258717,0.00021514967410873973,0.00025818232616832876,,0.12518321977007704,0.1686825313493607,3.0110999561539984,3.0609820750294614,0.00021224395162683024,3.0181504438664364,,,,,0.9251499675465421,0.0,0.0,0.0748500324534579,0.0,0.9726905501388935,0.0,0.027309449861106505
step,colocated,20,uniform,1,True,19.833333333333332,3990.348148148148,0.04356142586752271,0.00022728242018370473,0.00021759603477166815,0.0007215468865999271,,0.04053778337905578,0.08409920924657853,0.20278897685928707,1.0283043754231753,0.0002041087029374996,0.4170261635210261,0.19869873296280927,0.19577969884442067,0.0,0.60552156819277,,,,,,,,
step,colocated,20,uniform,2,True,20.22962962962963,4055.0592592592593,0.04377214797805823,0.0002445547601245223,0.0002194626348500222,0.0008320228571392363,,0.04056584187219126,0.08433798985024937,0.20608543727421655,1.0307339412255723,0.00020413005057013717,0.42655813797235187,0.20257724856303486,0.1982789079705416,0.0,0.5991438434664236,,,,,,,,
step,colocated,20,uniform,3,True,19.74074074074074,3992.1185185185186,0.0440882709133694,0.0002557595584796968,0.00021909676634412447,0.0007469095384565732,,0.04030097644650959,0.08438924735987925,0.20288759642871826,1.0333949986169615,0.00020409665951965223,0.4164424070593313,0.196657473167745,0.19465466973241435,0.0,0.6086878570998406,,,,,,,,
step,colocated,20,uniform,4,True,19.955555555555556,4084.5074074074073,0.044809451106180766,0.00025294527113881656,0.00021999903643889708,0.0008184000000051128,,0.040566494743799766,0.08537594584998043,0.207832802052286,1.0347592486368824,0.0002041421909437277,0.4262192776815389,0.20017192592592548,0.1998122711189898,0.0,0.6000158029550847,,,,,,,,
step,colocated,20,uniform,5,True,19.75925925925926,4019.025925925926,0.04450980492591608,0.00023711754499028797,0.00021991051070452056,0.0007512189295613085,,0.04059407498208313,0.08510387990799903,0.20447125508737177,1.0307121245070956,0.00020417058317184105,0.4206385615420683,0.1983098342052401,0.19679715425777516,0.0,0.6048930115369848,,,,,,,,
step,colocated,40,uniform,1,True,39.56666666666667,8014.57037037037,0.06033940585080599,0.0004557660829337673,0.00029936401873453746,0.00366361125924923,,0.04341012550088527,0.10374953135169176,0.41032877102547793,1.254193316441254,0.00020502946925820883,1.0258111404828447,0.3951484268327542,0.3237191914009099,0.0,0.2811323817663359,,,,,,,,
step,colocated,40,uniform,2,True,40.41851851851852,8051.077777777778,0.06137223151548724,0.0004946179574206729,0.0003096592422358133,0.0038829119999996917,,0.04387202618669223,0.1052442577021793,0.41276607336343357,1.2672651923615095,0.00020507246143263997,1.0642104227135305,0.40503930933005783,0.32231169739292503,0.0,0.27264899327701714,,,,,,,,
step,colocated,40,uniform,3,True,39.851851851851855,8126.211111111111,0.06148753006692274,0.0004672101320044678,0.00030302783495025616,0.004187649828566821,,0.043596063401714055,0.10508359346863731,0.41670927858367857,1.2722070335206976,0.00020509943426753175,1.0473177081889025,0.3992634884596145,0.3237862581688794,0.0,0.27695025337150614,,,,,,,,
step,colocated,40,uniform,4,True,39.629629629629626,8078.72962962963,0.06154085268633103,0.00044652086651824084,0.0003033724171923353,0.0038110364444574113,,0.043414990768737595,0.10495584345506868,0.41390251910837805,1.263231732511783,0.00020506188361643076,1.03959778035755,0.3957733825785634,0.32425411365654866,0.0,0.2799725037648879,,,,,,,,
step,colocated,40,uniform,5,True,40.007407407407406,8165.188888888889,0.062325721242756114,0.00044434888761442256,0.00030688428651132204,0.003741905333347025,,0.04369591181745124,0.10602163306020713,0.4187136924115711,1.2759380039167094,0.00020512328321871607,1.0604174209558763,0.400522078514874,0.3245625356411385,0.0,0.2749153858439875,,,,,,,,
step,colocated,60,uniform,1,True,59.28148148148148,11953.796296296296,0.10561272352865922,0.0010483883789448615,0.000526366885202834,0.01167515840000064,,0.05031721056202992,0.15592993409068845,0.6255543818783919,1.9268707102340281,0.0002077423291917841,2.308186800893809,0.5923357795204633,0.3207555250919822,0.0,0.08690869538755447,,,,,,,,
step,colocated,60,uniform,2,True,60.27777777777778,12067.633333333333,0.1094091902918751,0.0010935570446507072,0.0005492419066585317,0.01226259999999968,,0.051088110981420846,0.16049730127329614,0.6337403574273962,1.9524504987172637,0.00020784739256465233,2.4183213646970154,0.6024831697420191,0.3200578868790814,0.0,0.07745894337889953,,,,,,,,
step,colocated,60,uniform,3,True,59.82222222222222,12102.307407407407,0.11132744571569696,0.001142003024583197,0.0005530299680359858,0.012509770666683708,,0.05074780627537579,0.16207525199107367,0.6353922508714516,1.97315704735863,0.00020791640780219413,2.423996209359391,0.5988215431096546,0.3176577618047827,0.0,0.08352069508556265,,,,,,,,
step,colocated,60,uniform,4,True,59.851851851851855,12206.996296296296,0.1085834287029516,0.0010394149919524518,0.0005350162186691935,0.010384879999989494,,0.05034479648597897,0.15892822518892952,0.6392469226205802,1.9598576310745661,0.00020783778847415716,2.3771028529594727,0.5966712356528713,0.3220554849610015,0.0,0.08127327938612722,,,,,,,,
step,colocated,60,uniform,5,True,59.56296296296296,12066.192592592593,0.11063237543788564,0.0010691940201936665,0.0005488294620540144,0.01185864000001402,,0.05054830080845058,0.1611806762463365,0.6334815850677403,1.9596969518011969,0.00020786734442614587,2.400392132856107,0.5945326781096204,0.3186224861636071,0.0,0.08684483572677248,,,,,,,,
step,colocated,70,uniform,1,True,69.1037037037037,13935.762962962963,0.16207558777317285,0.0016978971948464377,0.0008076944262982714,0.018129535999992185,,0.05744292712863734,0.21951851490181123,0.7499834274566128,2.7099746583410935,0.00021092887428478133,3.7976601568664843,0.6929370101676484,0.2704036229291368,0.0,0.03665936690321481,,,,,,,,
step,colocated,70,uniform,2,True,70.25555555555556,14078.622222222222,0.17436868558005944,0.0018999320258192834,0.0008745037282661384,0.02260666666664848,,0.05796299585401523,0.23233168143407448,0.7692377594842099,2.7768334223750815,0.00021140482563042042,4.077254959871058,0.7018080644766427,0.2671965073165461,0.0,0.030995428206811226,,,,,,,,
step,colocated,70,uniform,3,True,69.85185185185185,14132.766666666666,0.17297094453110823,0.001907044163030653,0.0008591633349960628,0.023468648000005032,,0.05838395168350993,0.2313548962146177,0.7731039787964072,2.7934393739780647,0.00021152365607705775,4.042036029671233,0.6990274082631855,0.26695636747485074,0.0,0.03401622426196371,,,,,,,,
step,colocated,70,uniform,4,True,69.75555555555556,14231.122222222222,0.1667956329990627,0.0017755111909218933,0.0008215959884349793,0.01870444444444451,,0.05722511944207652,0.22402075244113862,0.7682795287416901,2.754863246804672,0.00021111799302003128,3.906443782604609,0.6955111036347204,0.2717676994408337,0.0,0.03272119692444597,,,,,,,,
step,colocated,70,uniform,5,True,69.37407407407407,14107.288888888888,0.16686264374906612,0.0017921792836386198,0.0008246197216859382,0.020385670400010745,,0.057558162423455766,0.2244208061725206,0.7612947532919512,2.752918408478033,0.00021112199890571418,3.8924561632803663,0.6926953017177669,0.2696930912595055,0.0,0.03761160702272753,,,,,,,,
step,split,20,uniform,1,True,19.833333333333332,3990.348148148148,0.041557469276110606,0.0002089188583703656,0.00020758596279946232,0.0002407721403983487,,0.04100156821408582,0.08255903749019644,0.8231051587550259,1.4739411687874235,0.00020591317913203698,0.8242299535593292,,,,,0.2649316439504123,0.0,0.0,0.7350683560495876,0.0,0.5546950916731758,0.0,0.44530490832682423
step,split,20,uniform,2,True,20.22962962962963,4055.0592592592593,0.041391079389758736,0.0002087578630185093,0.0002075245506964006,0.0002340169988836275,,0.04112918152383117,0.08252026091359005,0.8361620514373649,1.4620654853693569,0.00020584719446311753,0.8373262060254133,,,,,0.2701029980840465,0.0,0.0,0.7298970019159535,0.0,0.568071928178088,0.0,0.43192807182191195
step,split,20,uniform,3,True,19.74074074074074,3992.1185185185186,0.04176042281873965,0.00020886403265567426,0.00020752851974457164,0.00023975096056953285,,0.04074396130248102,0.08250438412122062,0.8232083861884902,1.4729442238571593,0.00020586043574364197,0.8243210881431053,,,,,0.26220996422366,0.0,0.0,0.7377900357763401,0.0,0.5551423826329522,0.0,0.44485761736704776
step,split,20,uniform,4,True,19.95925925925926,4088.8074074074075,0.042315122580783245,0.00020889276582849618,0.0002075718904775499,0.00024026678134821586,,0.04095085000075665,0.08326597258153992,0.8433446732692818,1.461017111454543,0.00020586537553432953,0.8445351947367189,,,,,0.26689590123456736,0.0,0.0,0.7331040987654327,0.0,0.5732922036986701,0.0,0.42670779630132993
step,split,20,uniform,5,True,19.75925925925926,4019.025925925926,0.04200212420888036,0.0002088400970556369,0.0002075207608935495,0.00023529244273033458,,0.04106759003266786,0.0830697142415482,0.8294602324235059,1.4594435456208044,0.00020588783798486496,0.8305988106258338,,,,,0.26441311227365344,0.0,0.0,0.7355868877263465,0.0,0.5646460514412691,0.0,0.4353539485587309
step,split,40,uniform,1,True,39.55185185185185,8008.592592592592,0.04245945333248979,0.00021260962097574283,0.00021073427311417612,0.00024974619325917046,,0.045636846459493875,0.08809629979198388,1.6760959593896614,2.0294069379207764,0.0002081405874936358,1.6793939956228654,,,,,0.5268595472507803,0.0,0.0,0.4731404527492197,0.0,0.8173453564981117,0.0,0.18265464350188831
step,split,40,uniform,2,True,40.425925925925924,8051.603703703704,0.04174202651062271,0.0002124694807415634,0.0002106382005898461,0.0002470535946959747,,0.046552136520658184,0.08829416303128135,1.684664755336631,2.0152706877491484,0.0002080665922690926,1.6880541484807652,,,,,0.5399958151130498,0.0,0.0,0.46000418488695016,0.0,0.827404245664409,0.0,0.17259575433559105
step,split,40,uniform,3,True,39.855555555555554,8126.181481481482,0.04279760360710715,0.00021261310809039965,0.00021093909444571267,0.00024978676093923013,,0.04605604943172751,0.08885365303883473,1.7031255266559913,2.04877380771493,0.00020820833892543547,1.7064814822614722,,,,,0.5323493119153633,0.0,0.0,0.4676506880846367,0.0,0.822149454705548,0.0,0.177850545294452
step,split,40,uniform,4,True,39.629629629629626,8078.72962962963,0.04275448713964226,0.00021236974725256398,0.0002107629573396011,0.0002471146664220214,,0.04572931399147263,0.08848380113111518,1.690570832508471,2.0294850175970045,0.0002081225164114816,1.6938847297270787,,,,,0.5276978434380847,0.0,0.0,0.4723021565619153,0.0,0.8241818321945448,0.0,0.17581816780545523
step,split,40,uniform,5,True,40.007407407407406,8165.188888888889,0.042841677217106945,0.0002126170197671834,0.0002109472186372533,0.00024730937525418994,,0.04622025806374916,0.08906193528085572,1.7105487608817673,2.059856900064726,0.00020826899638868882,1.7139323020408135,,,,,0.5340207648880466,0.0,0.0,0.4659792351119534,0.0,0.8214984631681855,0.0,0.17850153683181447
step,split,60,uniform,1,True,59.25185185185185,11938.607407407408,0.04285273184022919,0.0002157157218948711,0.00021374086385156954,0.000257123152158556,,0.06365976317348325,0.10651249501371203,2.533881979501724,2.6720730490463556,0.00021073571635941212,2.539664839672971,,,,,0.7898714603731989,0.0,0.0,0.21012853962680111,0.0,0.9370858993798081,0.0,0.06291410062019187
step,split,60,uniform,2,True,60.27407407407407,12066.18148148148,0.04256303227504884,0.0002156094885547914,0.00021368208775129064,0.00025479224519564525,,0.06841310982479308,0.11097614209984184,2.5596532777489984,2.6876432757701476,0.00021076962403276527,2.56553350331107,,,,,0.8033361567166938,0.0,0.0,0.19666384328330622,0.0,0.9415571410927538,0.0,0.05844285890724621
step,split,60,uniform,3,True,59.82222222222222,12103.351851851852,0.04307039703323279,0.0002159092059914058,0.00021393785225408467,0.0002583358879348907,,0.06799952351854704,0.11106992055177962,2.5707260666430005,2.702224604440968,0.00021084092522272017,2.5765630221272873,,,,,0.7984504610735798,0.0,0.0,0.20154953892642025,0.0,0.9396944117812205,0.0,0.060305588218779516
step,split,60,uniform,4,True,59.851851851851855,12203.1,0.04339122999089856,0.00021572006237552364,0.0002138674461232147,0.00025456828918777317,,0.06567564188384774,0.10906687187474667,2.5900552780390544,2.717559600315146,0.00021086770000082266,2.5958862460909753,,,,,0.7954955527885282,0.0,0.0,0.20450444721147176,0.0,0.9418369151044894,0.0,0.058163084895510586
step,split,60,uniform,5,True,59.56666666666667,12066.062962962964,0.043115223359358544,0.0002157401842613522,0.0002139033798642831,0.0002523946664041432,,0.06650823677241988,0.10962346013177884,2.5630615883722947,2.7031496194279363,0.00021083696704154287,2.568795506047194,,,,,0.7926904273555961,0.0,0.0,0.20730957264440386,0.0,0.9366706123535377,0.0,0.06332938764646234
step,split,70,uniform,1,True,69.15185185185184,13963.81111111111,0.04321517146124787,0.0002171184267263732,0.00021507610074346628,0.00025843344815257296,,0.12547371697271867,0.16868888843396684,2.9811797769987534,3.0337792974830733,0.0002121954007296426,2.988176455016978,,,,,0.9236769041619529,0.0,0.0,0.07632309583804708,0.0,0.97177347586867,0.0,0.028226524131329978
step,split,70,uniform,2,True,70.21481481481482,14065.159259259259,0.042884778647558366,0.00021718053526180624,0.0002151596101767996,0.0002604381784561127,,0.13638998041826708,0.17927475906582527,3.0039774406398916,3.05777141169284,0.00021227095974718735,3.011054092560193,,,,,0.9359081849429831,0.0,0.0,0.06409181505701689,0.0,0.9715053931006851,0.0,0.028494606899314934
step,split,70,uniform,3,True,69.86296296296297,14137.47037037037,0.0433481355783639,0.00021714572319793152,0.000215276777544281,0.00025606875053085787,,0.12952379183383275,0.1728719274121963,3.021708151784282,3.07766514405907,0.00021235463324383825,3.02880687926407,,,,,0.9319307246259965,0.0,0.0,0.06806927537400354,0.0,0.9707642363986391,0.0,0.02923576360136093
step,split,70,uniform,4,True,69.77777777777777,14230.644444444444,0.04369182097921513,0.00021716989309732027,0.00021529177886905136,0.0002542720005749288,,0.12846776180486066,0.17215958278407567,3.0420746400711076,3.0922435103819224,0.00021236464754424806,3.049123785242617,,,,,0.927576805355358,0.0,0.0,0.07242319464464197,0.0,0.9726526862987079,0.0,0.027347313701292064
step,split,70,uniform,5,True,69.4,14111.12962962963,0.04355382392356093,0.0002171433634649318,0.00021526090161407455,0.00025219057222614083,,0.12331448852707434,0.16686831245063452,3.0153477279981864,3.0737738613485126,0.0002123292267670382,3.0223990288224667,,,,,0.9236082603765702,0.0,0.0,0.07639173962342982,0.0,0.96989059200033,0.0,0.03010940799966999
step,colocated,20,h2cv9,1,True,19.83703703703704,3993.677777777778,0.045609863796860294,0.0002683132055119571,0.0002276801252039815,0.0008565882937910947,,0.052091492951527554,0.09770135674838802,0.20406802910284036,1.0439227256741466,0.0002043738576460062,0.4833800952839087,0.21304881211404614,0.19401289722133572,0.0,0.5929382906646181,,,,,,,,
step,colocated,20,h2cv9,2,True,20.22962962962963,4069.8444444444444,0.044513871671972315,0.0002491230054685232,0.00022236661472358878,0.0006719134867245303,,0.04610191093130904,0.09061578260328132,0.20702932823328005,1.0314039095103145,0.00020416301012662154,0.4582221355949093,0.19727192196643195,0.19920105712220607,0.0,0.603527020911362,,,,,,,,
step,colocated,20,h2cv9,3,True,19.74074074074074,4061.296296296296,0.044830248549320155,0.00024182690112074006,0.00021897071604981284,0.0005749146947352346,,0.04495680824987442,0.08978705679919502,0.20708385871484414,1.0327007776745238,0.00020417941152349478,0.44302458009354406,0.1959560202492247,0.19867370197413908,0.0,0.6053702777766361,,,,,,,,
step,colocated,20,h2cv9,4,True,19.95925925925926,4008.0814814814817,0.04416117166676523,0.00024605027427661877,0.00022101235252476343,0.0008452639999923406,,0.05112732609761902,0.09528849776438415,0.2047685500742574,1.0344647937990998,0.0002048414766380295,0.4754719578261725,0.21981977922962675,0.1965961945483266,0.0,0.5835840262220466,,,,,,,,
step,colocated,20,h2cv9,5,True,19.762962962962963,4009.011111111111,0.045374396371865106,0.0002834108958467383,0.00022478734880913522,0.000603706666677321,,0.04906867550146804,0.09444307187333349,0.20470411013358653,1.0393375033562937,0.00020447919153503464,0.46670209436691357,0.2070550109927375,0.19567445413362233,0.0,0.5972705348736402,,,,,,,,
step,colocated,40,h2cv9,1,True,39.56666666666667,7894.92962962963,0.07281298227390896,0.0005489005209804933,0.00036675160806967985,0.005621279999999729,,0.07247450592704396,0.14528748820095255,0.41270097360524904,1.3007537296902094,0.00020532871752260623,1.4372828404542135,0.4078630662928734,0.30819930264221795,0.0,0.28393763106490866,,,,,,,,
step,colocated,40,h2cv9,2,True,40.422222222222224,8086.374074074074,0.06596164991754476,0.0005197768912854003,0.00033138608336287143,0.004826572912281691,,0.06543561489290928,0.13139726481045394,0.41843170318987494,1.2771405890339764,0.00020490239305461,1.3292818366624037,0.400798702380359,0.32169640991990756,0.0,0.27750488769973347,,,,,,,,
step,colocated,40,h2cv9,3,True,39.870370370370374,8011.033333333334,0.06826261632775137,0.0005384049653099534,0.0003414377309915488,0.0050745319225814975,,0.06758345736841706,0.13584607369616836,0.41634861683701174,1.296591125182905,0.00020577694033124645,1.353839868334656,0.41129991782991493,0.31485674311845757,0.0,0.2738433390516275,,,,,,,,
step,colocated,40,h2cv9,4,True,39.644444444444446,7969.014814814815,0.06657588265769483,0.0004915713331466263,0.0003328592004259681,0.005201500242914714,,0.07127525750214098,0.13785114015983577,0.41456627358139175,1.3009508744520184,0.00020576340142148462,1.3654875533655324,0.41325310976159074,0.31188831880552736,0.0,0.27485857143288184,,,,,,,,
step,colocated,40,h2cv9,5,True,40.01481481481481,8085.633333333333,0.07669443556019492,0.0006047837084288035,0.00038143911859657035,0.006107671370777484,,0.07805220896750416,0.15474664452769937,0.42292074430827586,1.32048946217972,0.00020578017991551226,1.5472375302912293,0.4185859376022419,0.31207909163483144,0.0,0.26933497076292673,,,,,,,,
step,colocated,60,h2cv9,1,True,59.303703703703704,11948.929629629629,0.20771400680887117,0.0023276839599858227,0.0010360468858857804,0.03353592228571805,,0.1427970311136714,0.3505110379225411,0.7209755279361301,2.0976050703982336,0.0002095059195698051,5.192750214367047,0.613489863677751,0.29658600304260563,0.0,0.08992413327964333,,,,,,,,
step,colocated,60,h2cv9,2,True,60.27777777777778,12042.907407407407,0.14458881849808236,0.0016295569648020086,0.0007273439086382145,0.019986431999996057,,0.10889451863760426,0.25348333713568694,0.6592460447689992,2.031708123385014,0.00020815939266035564,3.8207597386426375,0.6015777604418691,0.30736752324732536,0.0,0.09105471631080558,,,,,,,,
step,colocated,60,h2cv9,3,True,59.87777777777778,11916.048148148147,0.148457255319606,0.0015649364984612864,0.0007497606955565757,0.020527436235298346,,0.10899913339419229,0.2574563887137948,0.6593149456735443,2.0097644037579356,0.0002086371598262521,3.840296707008669,0.5993776772200712,0.3077554999643689,0.0,0.09286682281555991,,,,,,,,
step,colocated,60,h2cv9,4,True,60.074074074074076,12093.625925925926,0.16677181995761053,0.0019113287373731752,0.0008325607259555638,0.02481904648648548,,0.12092473717620189,0.28769655713381337,0.6728821013411692,2.0889860358641132,0.00020922036145096885,4.267709543167075,0.6120599662613762,0.3010724101490397,0.0,0.08686762358958416,,,,,,,,
step,colocated,60,h2cv9,5,True,59.56666666666667,12058.04074074074,0.16647076384058454,0.002130637126240099,0.000826447466421072,0.023023904000005757,,0.12620627174605123,0.29267703558663405,0.6828316651858063,2.0813578185092183,0.00020925207498867276,4.359308998748842,0.6063129123677726,0.30166364826728653,0.0,0.09202343936494084,,,,,,,,
step,colocated,70,h2cv9,1,True,69.16296296296296,13970.066666666668,0.38747816877884966,0.0048033033580754175,0.0019278702167448316,0.07109000145454497,,0.19798841449873208,0.5854665832775825,1.0466550999065587,2.9566630988886846,0.00021532072656644223,10.123388164420312,0.7080598309973605,0.2533003713581398,0.0,0.03863979764449971,,,,,,,,
step,colocated,70,h2cv9,2,True,70.21481481481482,14014.696296296297,0.3042981094360312,0.003828002279001538,0.0015322359193437178,0.05152999999999709,,0.16501975283228518,0.46931786226831945,0.911297462695883,2.979855453951954,0.00021456145364590865,8.236874697037113,0.7109233905328012,0.25155613090299295,0.0,0.03752047856420587,,,,,,,,
step,colocated,70,h2cv9,3,True,69.9037037037037,13938.525925925926,0.2741516239856035,0.0032031006482998274,0.0013818397809027565,0.04519428571428209,,0.15040669240889182,0.4245583163944941,0.9047767143686627,2.872101963814144,0.0002138458591834679,7.419132483437831,0.6997411298551688,0.25885499832552067,0.0,0.041403871819310545,,,,,,,,
step,colocated,70,h2cv9,4,True,69.75925925925925,14024.592592592593,0.33559606502106404,0.004170420879518153,0.0016776218208404486,0.05481546399999715,,0.1854379878943113,0.5210340529153775,0.9531951189754355,3.0524833434414624,0.0002162668559615108,9.086095452114503,0.7138882205198748,0.24720404502846385,0.0,0.038907734451661374,,,,,,,,
step,colocated,70,h2cv9,5,True,69.2925925925926,14091.803703703703,0.31257824849388316,0.004101780348687321,0.0015446133046049379,0.05011507339130042,,0.17442967739424836,0.4870079258881298,0.9571042841370678,2.936024874844231,0.00021494892026287918,8.45136676940543,0.7012144944219041,0.2572062789493383,0.0,0.041579226628757626,,,,,,,,
step,split,20,h2cv9,1,True,19.840740740740742,3993.9,0.04193555423878299,0.00021133687617736852,0.00020936589144522494,0.0003220657552437894,,0.059538743309158766,0.10147429754794184,0.830719113623104,1.4857669924964525,0.0002062648533212213,0.8318964637638652,,,,,0.28408088528786396,0.0,0.0,0.715919114712136,0.0,0.551608383430654,0.0,0.448391616569346
step,split,20,h2cv9,2,True,20.22962962962963,4069.8444444444444,0.041600748439356225,0.0002093443483997234,0.00020781426672108192,0.00030701024041575987,,0.050829209713758775,0.09242995815311507,0.840175183213457,1.470048908797228,0.00020570475021280883,0.8413950941755297,,,,,0.26302922928857597,0.0,0.0,0.736970770711424,0.0,0.5665480857320339,0.0,0.43345191426796614
step,split,20,h2cv9,3,True,19.74074074074074,4061.296296296296,0.042659858434129505,0.00020991744350290232,0.00020836957300444546,0.00031053104828429514,,0.04768557500093891,0.0903454334350686,0.8406786756227717,1.4769585721422678,0.00020616527237154358,0.8418401044224652,,,,,0.2612746936656329,0.0,0.0,0.7387253063343671,0.0,0.5639467825268021,0.0,0.4360532174731979
step,split,20,h2cv9,4,True,19.95925925925926,4008.0814814814817,0.04182685613921699,0.00021089503211935235,0.00020932985980986208,0.0003146634666573315,,0.05724815168932312,0.09907500782854023,0.8336546815997905,1.4547010602311023,0.00020646066838868375,0.8348330656823733,,,,,0.2930930389728357,0.0,0.0,0.7069069610271643,0.0,0.5660203337481672,0.0,0.4339796662518328
step,split,20,h2cv9,5,True,19.762962962962963,4009.011111111111,0.042209758247357204,0.00021092249316498728,0.0002091095509577111,0.000326823524288629,,0.05643524597376074,0.0986450042211179,0.8330443445336237,1.4640497378675965,0.00020625829718484587,0.8341898889181397,,,,,0.27607334799031663,0.0,0.0,0.7239266520096834,0.0,0.5620133720892884,0.0,0.43798662791071163
step,split,40,h2cv9,1,True,39.574074074074076,7898.866666666667,0.04234715002930303,0.00021630517341939727,0.00021323156408059647,0.0003476686807168017,,0.11029853738856014,0.1526456874178633,1.6714066350913066,2.0906701604642874,0.000208549424487528,1.6748527396287314,,,,,0.5437816796861522,0.0,0.0,0.4562183203138478,0.0,0.7835043224644774,0.0,0.21649567753552257
step,split,40,h2cv9,2,True,40.422222222222224,8088.992592592593,0.04215026328139605,0.00021436271717977076,0.0002116906768136224,0.00031809781802394355,,0.08296704251593977,0.12511730579733654,1.700847308904603,2.0898451019449875,0.00020805830242806637,1.7043293145476128,,,,,0.5343948614019051,0.0,0.0,0.46560513859809494,0.0,0.8015388090634706,0.0,0.19846119093652936
step,split,40,h2cv9,3,True,39.86296296296296,8007.7,0.042811130548617904,0.0002165629529414734,0.00021418341057044855,0.00034528239364628455,,0.08983128659463133,0.1326424171432493,1.7033447379036573,2.119117551459291,0.0002094731594202869,1.7067851497396658,,,,,0.5484069274769237,0.0,0.0,0.45159307252307634,0.0,0.7876706949967348,0.0,0.2123293050032652
step,split,40,h2cv9,4,True,39.65925925925926,7973.7,0.04301699804434614,0.0002174761440050765,0.0002150256513349447,0.0003500964324032523,,0.10299800302084768,0.14601500106519397,1.7018014868076914,2.11867204151071,0.00020932420119648232,1.7052539054697475,,,,,0.5510758352575705,0.0,0.0,0.44892416474242947,0.0,0.7835197456188623,0.0,0.21648025438113772
step,split,40,h2cv9,5,True,40.01111111111111,8084.0,0.04304583714326324,0.00021725421140592974,0.0002141116548767138,0.00035288489204274043,,0.11685088731769515,0.15989672446095843,1.718877579578356,2.1138310452729026,0.00020919687932765033,1.7224279228999286,,,,,0.5580744847042238,0.0,0.0,0.4419255152957762,0.0,0.7960603617064969,0.0,0.20393963829350314
step,split,60,h2cv9,1,True,59.318518518518516,11944.292592592592,0.04377284018200576,0.00022163878690160876,0.0002184725027384413,0.0003705179046779081,,0.33528443245198886,0.3790572726339948,2.5905548222830963,2.918786439999705,0.00021236982436761634,2.5965400309447397,,,,,0.8185212495659876,0.0,0.0,0.1814787504340124,0.0,0.8647463281778859,0.0,0.13525367182211412
step,split,60,h2cv9,2,True,60.25185185185185,12041.985185185185,0.04303214147857512,0.00021978141947835082,0.00021639324971637713,0.000338422064659415,,0.21955505193549915,0.2625871934140725,2.5875216695339125,2.8745629339568324,0.00021129913328737292,2.5935171827700167,,,,,0.801967822382495,0.0,0.0,0.19803217761750502,0.0,0.8809515830458076,0.0,0.11904841695419244
step,split,60,h2cv9,3,True,59.93333333333333,11923.022222222222,0.0432099424113361,0.00022139294599931856,0.0002183003015579124,0.000367763287705326,,0.23635565461786578,0.2795655970292023,2.582960699540573,2.9098427769259745,0.00021217037477087609,2.5889000851255877,,,,,0.7998405492469103,0.0,0.0,0.20015945075308972,0.0,0.8647207162293372,0.0,0.13527928377066278
step,split,60,h2cv9,4,True,60.096296296296295,12085.888888888889,0.043732095630416294,0.0002218925177837098,0.0002185416850014774,0.0003726403902418713,,0.34675088752542044,0.3904829831558348,2.6223917188827595,2.965743991407679,0.00021272576842397563,2.628425038124454,,,,,0.8198232824838172,0.0,0.0,0.1801767175161828,0.0,0.8626667474984839,0.0,0.13733325250151607
step,split,60,h2cv9,5,True,59.574074074074076,12062.603703703704,0.04386748934745862,0.0002211080833257426,0.00021772545269554652,0.000356646151857376,,0.29235142219249405,0.3362189115399541,2.607184083130295,2.9420863933121844,0.00021252299907667017,2.6131731929337176,,,,,0.8084465890252058,0.0,0.0,0.19155341097479417,0.0,0.8669765634614234,0.0,0.13302343653857662
step,split,70,h2cv9,1,True,69.34444444444445,14003.429629629629,0.04426651941874003,0.00022374254969787064,0.0002202970023353527,0.0003756178819200019,,1.0417038382952992,1.0859703577140487,3.0622678854859817,3.422819017880193,0.00021447061325528807,3.069484496895325,,,,,0.94596452233116,0.0,0.0,0.05403547766883998,0.0,0.8730478194058884,0.0,0.12695218059411162
step,split,70,h2cv9,2,True,69.65555555555555,13906.559259259258,0.04341770484883818,0.00022218709661096526,0.00021856655339614898,0.0003572505759876776,,0.6551578796091037,0.6985755844579412,3.016707721900924,3.363727886206861,0.00021362999886537288,3.023880976421593,,,,,0.9428379279631138,0.0,0.0,0.05716207203688617,0.0,0.8786568951609265,0.0,0.12134310483907351
step,split,70,h2cv9,3,True,69.7074074074074,13898.855555555556,0.043553671382721794,0.00022312741252193078,0.0002195372760953674,0.0003586026667022679,,0.7736522545298873,0.8172059259126131,3.0293507247707514,3.3770335551291444,0.00021396310306722073,3.0365672163599156,,,,,0.9311598338299975,0.0,0.0,0.06884016617000255,0.0,0.8763155233434781,0.0,0.12368447665652194
step,split,70,h2cv9,4,True,70.35185185185185,14131.248148148148,0.044232317175490685,0.00022477801754886242,0.0002213106020712154,0.0003792583561198747,,1.3524881201170162,1.3967204372925024,3.1045629633541862,3.456611795982985,0.00021504626149279897,3.111896516096034,,,,,0.9598754706719083,0.0,0.0,0.04012452932809174,0.0,0.8747921704651401,0.0,0.12520782953485987
step,split,70,h2cv9,5,True,69.41481481481482,14120.237037037037,0.04447998289053093,0.00022311600060198792,0.00021974299628025796,0.0003541200011250166,,0.7102420447412515,0.7547220276317776,3.079811332773479,3.4077240494524297,0.00021434459901408345,3.0870318774791916,,,,,0.9358321293661639,0.0,0.0,0.06416787063383611,0.0,0.8836310726071512,0.0,0.11636892739284876
step,colocated,40,fixed_w10ms,1,True,39.51851851851852,8007.22962962963,3.3540429555763187,0.016929558869474823,0.016635493782776612,0.03012799999999629,,0.053564945830141535,3.407607901406444,20.16585606352934,33.3585593477695,0.01013343423739109,33.667354347857206,0.39556320441261034,0.6044367955873896,0.0,1.1102230246251565e-16,,,,,,,,
step,colocated,40,fixed_w10ms,2,True,40.41481481481482,8147.433333333333,3.390410415322521,0.01715361454841355,0.016901751089933192,0.03013999999999279,,0.05428973557153484,3.444700150894044,20.499502120997697,34.41340439579028,0.010137653617583172,34.731602136489755,0.404421361403502,0.595578638596498,0.0,1.1102230246251565e-16,,,,,,,,
step,colocated,40,fixed_w10ms,3,True,39.851851851851855,8033.966666666666,3.3520145100371415,0.016850134054490325,0.01671029110211155,0.027282857142860654,,0.05370654974771564,3.4057210597848493,20.277142850967685,33.71630552012229,0.010134865222080508,33.969975631605436,0.3986757481374868,0.6013242518625133,0.0,0.0,,,,,,,,
step,colocated,40,fixed_w10ms,4,True,39.54814814814815,8059.040740740741,3.378732405693852,0.016777157281306205,0.016662227465208092,0.026974526315788245,,0.05370831041687433,3.43244071611072,20.350192279629567,33.70005668930459,0.010134800226757234,33.99950136727155,0.39619329974961154,0.6038067002503884,0.0,0.0,,,,,,,,
step,colocated,40,fixed_w10ms,5,True,40.13333333333333,8187.1,3.4097752831302057,0.01695756777824582,0.016797128750941175,0.02833636363636122,,0.05384011357083708,3.4636153967010626,20.63091421128409,34.383328418733726,0.010137533313674934,34.687320222680825,0.40007121481483676,0.5999287851851632,0.0,0.0,,,,,,,,
step,colocated,60,fixed_w10ms,1,True,59.44444444444444,12038.981481481482,5.088868978264845,0.02574616733398843,0.025251809675805457,0.0502880000000232,,0.06298379321295533,5.1518527714778,30.794491462609084,75.53190360870607,0.010302128501145494,76.27688236646384,0.5924450974814705,0.40755490251852955,0.0,0.0,,,,,,,,
step,colocated,60,fixed_w10ms,2,True,60.34814814814815,12094.940740740742,5.15832019639131,0.02637730078789331,0.025866689629278534,0.050330000000009534,,0.0637421720883927,5.222062368479674,30.963843951610755,77.91475217520467,0.010311659008700838,78.61191810645519,0.6027007210110453,0.3972992789889547,0.0,0.0,,,,,,,,
step,colocated,60,fixed_w10ms,3,True,59.666666666666664,12056.122222222222,5.144383524767336,0.026114089021855056,0.025586575597792895,0.05031600000000935,,0.0633439481381367,5.207727472905484,31.031866753608423,77.2069190245345,0.010308827676098134,77.99559770700685,0.5982094205051769,0.4017905794948231,0.0,0.0,,,,,,,,
step,colocated,60,fixed_w10ms,4,True,60.114814814814814,12231.059259259258,5.193984486969393,0.026083329503383348,0.025654164885101402,0.04745371428571283,,0.06367332775823352,5.257657814727628,31.36048427562203,78.06856343286853,0.01031227425373147,78.81546687107193,0.5984204023588484,0.4015795976411516,0.0,0.0,,,,,,,,
step,colocated,60,fixed_w10ms,5,True,59.696296296296296,12179.0,5.172832473823497,0.026022875645110067,0.02547992422651321,0.05031200000000524,,0.06299465296775189,5.235827126791256,31.220305949362412,77.20285851566138,0.010308812129047188,78.03731498115408,0.5957612473481593,0.40423875265184067,0.0,5.551115123125783e-17,,,,,,,,
step,colocated,70,fixed_w10ms,1,True,69.35185185185185,14052.659259259259,6.85375735436647,0.03491375834441674,0.033992012820712965,0.0706040000000101,,0.07130997464673126,6.925067329013167,36.62362625488994,118.70854068707253,0.010474835333625709,119.94587367886906,0.6916353443966254,0.30836465560337467,0.0,0.0,,,,,,,,
step,colocated,70,fixed_w10ms,2,True,70.39259259259259,14101.103703703704,7.018803825318359,0.03620732076849474,0.0352135963922529,0.0744963999999868,,0.07300523129056698,7.091809056608931,36.77148156307158,123.36936191554673,0.010493477447662203,124.50015339373569,0.7020482876636348,0.2979517123363653,0.0,0.0,,,,,,,,
step,colocated,70,fixed_w10ms,3,True,69.74814814814815,14122.948148148149,7.018732168414658,0.03585546349864037,0.03483502484094437,0.07334357142855907,,0.07211024698608434,7.090842415400744,37.174426505629114,123.33873951309141,0.010493355072610826,124.64909496296633,0.6987604720846323,0.3012395279153676,0.0,5.551115123125783e-17,,,,,,,,
step,colocated,70,fixed_w10ms,4,True,69.92222222222222,14127.233333333334,6.976746469622329,0.03552491685443723,0.0347029110461566,0.07047800000000848,,0.07182300125807803,7.048569470880386,36.88902958659929,121.93404327913777,0.010487736173116545,123.20720235278033,0.6976089946161917,0.30239100538380825,0.0,0.0,,,,,,,,
step,colocated,70,fixed_w10ms,5,True,69.71851851851852,14206.907407407407,6.964246772158066,0.03531881132237938,0.03434466154256745,0.0727759999999904,,0.07211204412234558,7.036358816280403,36.91797512189727,120.49480839916001,0.010481980154621614,121.91800076343792,0.6938004172938288,0.3061995827061712,0.0,0.0,,,,,,,,
step,split,40,fixed_w10ms,1,True,39.522222222222226,7993.0,2.0845532204898616,0.010472869161806628,0.01035850956224937,0.0125891743701807,,0.0451939707454712,2.1297471912353294,82.33891416296206,82.30726855394059,0.010329229074215828,82.54258077435911,,,,,0.5274476900482133,0.0,0.0,0.47255230995178665,0.0,1.0,0.0,0.0
step,split,40,fixed_w10ms,2,True,40.44444444444444,8128.933333333333,2.072679735146514,0.010469211991391515,0.010363911176834707,0.01226452830968583,,0.04602560917523306,2.118705344321725,83.53235450370089,83.50019136558475,0.010334000765462373,83.7410927526498,,,,,0.539214136100716,0.0,0.0,0.460785863899284,0.0,1.0,0.0,0.0
step,split,40,fixed_w10ms,3,True,39.87777777777778,8044.548148148148,2.079548412180094,0.010473336383789316,0.010359923097646643,0.012438284851680711,,0.045589094176541604,2.1251375063566176,82.7051967407377,82.6777242118152,0.010330710896847298,82.91160498639863,,,,,0.5315775769021104,0.0,0.0,0.4684224230978896,0.0,1.0,0.0,0.0
step,split,40,fixed_w10ms,4,True,39.57037037037037,8068.362962962963,2.102338809825909,0.010470038846474614,0.010361498866662289,0.012352263863704138,,0.04537565156227772,2.147714461388196,83.06857037036913,83.03585642124528,0.01033214342568489,83.2738646608862,,,,,0.5282372261541468,0.0,0.0,0.4717627738458532,0.0,1.0,0.0,0.0
step,split,40,fixed_w10ms,5,True,40.08148148148148,8175.525925925926,2.104002630581335,0.010476374984698278,0.010365941658199493,0.012369150229636717,,0.04561919482731776,2.1496218254086603,84.04486959999483,84.01125488094385,0.010336045019523735,84.25338230663695,,,,,0.533410005793467,0.0,0.0,0.466589994206533,0.0,1.0,0.0,0.0
step,split,60,fixed_w10ms,1,True,59.262962962962966,11994.796296296296,2.1212513707124105,0.010652150528285102,0.010532553335222832,0.012652379687499623,,0.06276869375902003,2.184020064471414,125.46351458856562,125.40470633994603,0.010501620289070382,125.77544343278468,,,,,0.7899853449555265,0.0,0.0,0.21001465504447347,0.0,1.0,0.0,0.0
step,split,60,fixed_w10ms,2,True,60.27037037037037,12049.737037037037,2.0954404454625486,0.010644785802955642,0.010533660524550643,0.012503919622147919,,0.06567113617605003,2.1611115816386057,126.04600437037293,126.0052518965188,0.010504021007586045,126.36019754820332,,,,,0.8036218055596377,0.0,0.0,0.1963781944403623,0.0,1.0,0.0,0.0
step,split,60,fixed_w10ms,3,True,59.733333333333334,12095.892592592592,2.123099153799601,0.01064956681118038,0.010536566251902128,0.012702522595969157,,0.06604771512842304,2.1891468689280487,126.83924326317057,126.79577382573818,0.010507183229793287,127.1549320371745,,,,,0.7975889970966308,0.0,0.0,0.20241100290336922,0.0,1.0,0.0,0.0
step,split,60,fixed_w10ms,4,True,59.955555555555556,12210.303703703703,2.135998701060515,0.010645542920211151,0.010540026279621095,0.012474851107430851,,0.06362879975305893,2.199627500813541,127.48831656296494,127.4392588844338,0.010509757035537689,127.80161896546393,,,,,0.7977848102862182,0.0,0.0,0.20221518971378183,0.0,1.0,0.0,0.0
step,split,60,fixed_w10ms,5,True,59.681481481481484,12170.837037037038,2.1385787721240517,0.010648126516456195,0.010538511275801634,0.012448435433306315,,0.06487130791009595,2.2034500800341306,126.97857150198583,126.92772913018227,0.010507712039852186,127.29313369569445,,,,,0.7942994518938032,0.0,0.0,0.20570054810619676,0.0,1.0,0.0,0.0
step,split,70,fixed_w10ms,1,True,69.22962962962963,14051.185185185184,2.145331048626589,0.010739514329451352,0.010622296240267401,0.012825394305546448,,0.11823849616033173,2.2635695447869244,147.94163637770745,147.8835713164915,0.010591539878864046,148.30766296574765,,,,,0.9219728628118844,0.0,0.0,0.0780271371881156,0.0,1.0,0.0,0.0
step,split,70,fixed_w10ms,2,True,70.27407407407408,14067.81851851852,2.115714368223502,0.010733517874195977,0.010621853627414734,0.01269054442222739,,0.12278258335218883,2.2384969515756867,148.2075417333237,148.17140727372686,0.010592685629094973,148.5796655457569,,,,,0.9365115852273972,0.0,0.0,0.06348841477260281,0.0,1.0,0.0,0.0
step,split,70,fixed_w10ms,3,True,69.91111111111111,14284.225925925926,2.1616758655232515,0.0107397206901952,0.010631899151642083,0.012629237935732363,,0.12645634563835537,2.2881322111616114,150.70020287347086,150.653341710515,0.010602613502552372,151.07098224762927,,,,,0.9316128266588336,0.0,0.0,0.0683871733411664,0.0,1.0,0.0,0.0
step,split,70,fixed_w10ms,4,True,69.94814814814815,14142.433333333332,2.1376696441858978,0.010736460086463496,0.01062541768533734,0.012671392055241407,,0.1281469201194795,2.2658165643053616,148.7703829629537,148.71754826557796,0.010594870193062336,149.14061349535226,,,,,0.930393834434221,0.0,0.0,0.06960616556577903,0.0,1.0,0.0,0.0
step,split,70,fixed_w10ms,5,True,69.31111111111112,14046.074074074075,2.1422817953944038,0.010738947331489525,0.010623628085083702,0.012745090074815835,,0.12516589349031787,2.2674476888847006,148.3634732541544,148.31061676082837,0.010593243599497766,148.7309897342991,,,,,0.9251499675465421,0.0,0.0,0.0748500324534579,0.0,1.0,0.0,0.0
