mode,workload,x,seed,turns_per_s,live,ttft,response,decode,remote,prefill_tokens,mean_itl,itl_p99,batch,prefill_busy,preemptions_per_s,stuck,edits
colocated,open,1,1,9.022777777777778,24.991654644637915,0.056181451993375216,0.09950911702810118,0.043327665034725966,0,2775.042715517199,0.0002167134839534561,0.00023328420538957736,1.0043648683070163,0.12353914353461896,0.0,0,"[[""let NP = 2;"", ""let NP = 1;""], [""let ND = 2;"", ""let ND = 4;""]]"
colocated,open,1,2,9.36888888888889,26.17952026477419,0.05853097075028567,0.10204702280378966,0.04351605205350399,0,2890.71100895266,0.0002181414921171294,0.00023328420538957736,1.0065927258797376,0.13364853783775443,0.0,0,"[[""let NP = 2;"", ""let NP = 1;""], [""let ND = 2;"", ""let ND = 4;""]]"
colocated,open,1,3,8.973333333333333,24.583452186724106,0.055827672381166225,0.09937027871642493,0.0435426063352587,0,2757.725379637742,0.0002185041335467308,0.00023328420538957736,1.00653879085776,0.12210701764151306,0.0,0,"[[""let NP = 2;"", ""let NP = 1;""], [""let ND = 2;"", ""let ND = 4;""]]"
colocated,open,1,4,9.206666666666667,25.719651929201028,0.05860359169836465,0.1023187454099596,0.04371515371159495,0,2885.5223456890294,0.00021999946597311452,0.00023328420538957736,1.0089413142553512,0.13112632039815433,0.0,0,"[[""let NP = 2;"", ""let NP = 1;""], [""let ND = 2;"", ""let ND = 4;""]]"
colocated,open,1,5,9.00388888888889,25.00902507892852,0.05561949696269125,0.09928082929010378,0.043661332327412525,0,2750.2201668851553,0.00021749272578938303,0.00023328420538957736,1.0077512424229391,0.12229071147715141,0.0,0,"[[""let NP = 2;"", ""let NP = 1;""], [""let ND = 2;"", ""let ND = 4;""]]"
colocated,open,2,1,17.593333333333334,49.54432860619947,0.09540019704670225,0.15486543408021652,0.05946523703351428,0,4233.64385368541,0.00029731564589092997,0.00025769089478229885,1.0977453365080958,0.3679819447696583,0.0,0,"[[""let NP = 2;"", ""let NP = 1;""], [""let ND = 2;"", ""let ND = 4;""]]"
colocated,open,2,2,18.123333333333335,51.67112258116401,0.09876738701273215,0.1602853937492725,0.06151800673654036,0,4322.992639340769,0.0003074773646284974,0.0002602678037301215,1.1079717170981842,0.38665815095513717,0.0,0,"[[""let NP = 2;"", ""let NP = 1;""], [""let ND = 2;"", ""let ND = 4;""]]"
colocated,open,2,3,18.076666666666668,50.77541031911054,0.09950557159824441,0.16046000995820614,0.06095443835996173,0,4353.6083656983465,0.0003048443087290676,0.00025769089478229885,1.105268148914992,0.38812692169857255,0.0,0,"[[""let NP = 2;"", ""let NP = 1;""], [""let ND = 2;"", ""let ND = 4;""]]"
colocated,open,2,4,18.127777777777776,51.16159676338619,0.098716944649345,0.1612591373049759,0.06254219265563091,0,4289.004394422078,0.00031542204825608065,0.00026287048176742295,1.1109110460630274,0.38382825754945965,0.0,0,"[[""let NP = 2;"", ""let NP = 1;""], [""let ND = 2;"", ""let ND = 4;""]]"
colocated,open,2,5,17.70611111111111,49.643828066394335,0.09469463231996107,0.15383475155347523,0.05914011923351416,0,4173.643579686304,0.0002979197866458097,0.0002602678037301215,1.0975632438382565,0.36515171480847486,0.0,0,"[[""let NP = 2;"", ""let NP = 1;""], [""let ND = 2;"", ""let ND = 4;""]]"
colocated,open,3,1,26.514444444444443,79.13042164097608,0.16012787785960383,0.32175837323204937,0.16163049537244553,0,4976.5886229389,0.0008120047724066762,0.0003508016769537222,1.576808990302191,0.6516723326544839,0.0,0,"[[""let NP = 2;"", ""let NP = 1;""], [""let ND = 2;"", ""let ND = 4;""]]"
colocated,open,3,2,27.133333333333333,81.88649030913312,0.16696671154882936,0.3445669669381471,0.17760025538931773,0,5037.02388188595,0.0008902354847289613,0.0003798679482349137,1.6458665770757115,0.6749250207988817,0.0,0,"[[""let NP = 2;"", ""let NP = 1;""], [""let ND = 2;"", ""let ND = 4;""]]"
colocated,open,3,3,26.845,80.84492898517084,0.17008590773410728,0.3516414065128904,0.1815554987787831,0,5044.436149396852,0.0009102114585505084,0.0003836666277172627,1.6424364208896496,0.6686232181876315,0.0,0,"[[""let NP = 2;"", ""let NP = 1;""], [""let ND = 2;"", ""let ND = 4;""]]"
colocated,open,3,4,27.052222222222223,82.53645070282178,0.17755752793323218,0.3830627518463411,0.2055052239131089,0,5061.893899695206,0.0010347848424824546,0.000423806645758392,1.6984527451961728,0.6758724443328457,0.0,0,"[[""let NP = 2;"", ""let NP = 1;""], [""let ND = 2;"", ""let ND = 4;""]]"
colocated,open,3,5,26.76888888888889,79.18073577092699,0.15994777945022712,0.31767826527038906,0.15773048582016194,0,4961.011209203374,0.000793208038735651,0.0003404846515277789,1.5857746936195065,0.6560415365996228,0.0,0,"[[""let NP = 2;"", ""let NP = 1;""], [""let ND = 2;"", ""let ND = 4;""]]"
colocated_cache,open,1,1,9.037222222222223,24.70080375686006,0.018090949109283747,0.06426056077424429,0.046169611664960544,0,803.8850789096309,0.00023059885438917412,0.0002602678037301215,1.0654158435403565,0.03584684743346491,0.0,0,"[[""let NP = 2;"", ""let NP = 1;""], [""let ND = 2;"", ""let ND = 4;""], [""    choose j in ND by (holders(D[j].kv) + queued(D[j].kv));"", ""    choose j in ND by (cachedin(D[j].kv) > 0 ? 0 : 1, holders(D[j].kv) + queued(D[j].kv));""]]"
colocated_cache,open,1,2,9.375,25.8506640661204,0.018144691152990198,0.06411581389741575,0.04597112274442555,0,803.024071918984,0.0002301049819016634,0.0002602678037301215,1.0603049827297522,0.0371761182306228,0.0,0,"[[""let NP = 2;"", ""let NP = 1;""], [""let ND = 2;"", ""let ND = 4;""], [""    choose j in ND by (holders(D[j].kv) + queued(D[j].kv));"", ""    choose j in ND by (cachedin(D[j].kv) > 0 ? 0 : 1, holders(D[j].kv) + queued(D[j].kv));""]]"
colocated_cache,open,1,3,9.04,24.480580765738324,0.01751203441441277,0.06325357654334658,0.04574154212893381,0,785.782724800816,0.0002290322300990863,0.00025513949978445415,1.059634492860899,0.03507409798311596,0.0,0,"[[""let NP = 2;"", ""let NP = 1;""], [""let ND = 2;"", ""let ND = 4;""], [""    choose j in ND by (holders(D[j].kv) + queued(D[j].kv));"", ""    choose j in ND by (cachedin(D[j].kv) > 0 ? 0 : 1, holders(D[j].kv) + queued(D[j].kv));""]]"
colocated_cache,open,1,4,9.239444444444445,25.47471765724244,0.018242229060331003,0.06401854065634097,0.045776311596009964,0,809.0026355149246,0.0002304258448362512,0.0002602678037301215,1.0616729933653934,0.0369090818443261,0.0,0,"[[""let NP = 2;"", ""let NP = 1;""], [""let ND = 2;"", ""let ND = 4;""], [""    choose j in ND by (holders(D[j].kv) + queued(D[j].kv));"", ""    choose j in ND by (cachedin(D[j].kv) > 0 ? 0 : 1, holders(D[j].kv) + queued(D[j].kv));""]]"
colocated_cache,open,1,5,9.047222222222222,24.79125075273795,0.017249298966129287,0.0631894640038818,0.045940165037752514,0,775.7504864991248,0.00022899358803901693,0.00025769089478229885,1.0650052722474808,0.034676000924160004,0.0,0,"[[""let NP = 2;"", ""let NP = 1;""], [""let ND = 2;"", ""let ND = 4;""], [""    choose j in ND by (holders(D[j].kv) + queued(D[j].kv));"", ""    choose j in ND by (cachedin(D[j].kv) > 0 ? 0 : 1, holders(D[j].kv) + queued(D[j].kv));""]]"
colocated_cache,open,2,1,17.506666666666668,47.80179940060421,0.024424428653636487,0.0718390107527726,0.04741458209913611,0,995.8978434018678,0.00023748711622174936,0.000268154178450948,1.1282508214227187,0.08610569768616874,0.0,0,"[[""let NP = 2;"", ""let NP = 1;""], [""let ND = 2;"", ""let ND = 4;""], [""    choose j in ND by (holders(D[j].kv) + queued(D[j].kv));"", ""    choose j in ND by (cachedin(D[j].kv) > 0 ? 0 : 1, holders(D[j].kv) + queued(D[j].kv));""]]"
colocated_cache,open,2,2,18.16111111111111,50.22891454592455,0.026484193495834942,0.07409776303978415,0.0476135695439492,0,1057.0159691451377,0.00023791380324316157,0.0002708357202354577,1.1346340852983796,0.09478060891466142,0.0,0,"[[""let NP = 2;"", ""let NP = 1;""], [""let ND = 2;"", ""let ND = 4;""], [""    choose j in ND by (holders(D[j].kv) + queued(D[j].kv));"", ""    choose j in ND by (cachedin(D[j].kv) > 0 ? 0 : 1, holders(D[j].kv) + queued(D[j].kv));""]]"
colocated_cache,open,2,3,18.183333333333334,49.48886645096166,0.024845734060930796,0.07235248894347354,0.047506754882542745,0,1003.154160627785,0.0002378529852587657,0.000268154178450948,1.1328866462640763,0.09003797758635851,0.0,0,"[[""let NP = 2;"", ""let NP = 1;""], [""let ND = 2;"", ""let ND = 4;""], [""    choose j in ND by (holders(D[j].kv) + queued(D[j].kv));"", ""    choose j in ND by (cachedin(D[j].kv) > 0 ? 0 : 1, holders(D[j].kv) + queued(D[j].kv));""]]"
colocated_cache,open,2,4,17.987222222222222,49.10568316045437,0.025030590506798775,0.07199308487893202,0.04696249437213325,0,1014.3292235227714,0.00023710201432702014,0.00026287048176742295,1.132071151037514,0.0900071459650274,0.0,0,"[[""let NP = 2;"", ""let NP = 1;""], [""let ND = 2;"", ""let ND = 4;""], [""    choose j in ND by (holders(D[j].kv) + queued(D[j].kv));"", ""    choose j in ND by (cachedin(D[j].kv) > 0 ? 0 : 1, holders(D[j].kv) + queued(D[j].kv));""]]"
colocated_cache,open,2,5,17.68111111111111,48.15177097654307,0.025184381895109503,0.07231400686992774,0.047129624974818235,0,1013.0963679986598,0.0002373877135128245,0.000268154178450948,1.1287441005803394,0.0885000424767705,0.0,0,"[[""let NP = 2;"", ""let NP = 1;""], [""let ND = 2;"", ""let ND = 4;""], [""    choose j in ND by (holders(D[j].kv) + queued(D[j].kv));"", ""    choose j in ND by (cachedin(D[j].kv) > 0 ? 0 : 1, holders(D[j].kv) + queued(D[j].kv));""]]"
colocated_cache,open,3,1,26.45777777777778,72.7017835566218,0.03449390339924813,0.08367479133110205,0.04918088793185392,0,1273.3021815565512,0.0002472765637133013,0.00027904231339431236,1.2138066823534968,0.16634494974222114,0.0,0,"[[""let NP = 2;"", ""let NP = 1;""], [""let ND = 2;"", ""let ND = 4;""], [""    choose j in ND by (holders(D[j].kv) + queued(D[j].kv));"", ""    choose j in ND by (cachedin(D[j].kv) > 0 ? 0 : 1, holders(D[j].kv) + queued(D[j].kv));""]]"
colocated_cache,open,3,2,27.255,75.34717240408301,0.03763170955808582,0.08729025486488552,0.0496585453067997,0,1349.9312003069176,0.00025000497898966035,0.0002818327365282552,1.2277838535484331,0.18176778526456175,0.0,0,"[[""let NP = 2;"", ""let NP = 1;""], [""let ND = 2;"", ""let ND = 4;""], [""    choose j in ND by (holders(D[j].kv) + queued(D[j].kv));"", ""    choose j in ND by (cachedin(D[j].kv) > 0 ? 0 : 1, holders(D[j].kv) + queued(D[j].kv));""]]"
colocated_cache,open,3,3,26.59111111111111,73.03468680390492,0.03634735186587294,0.08617684679033048,0.04982949492445754,0,1324.5905562698583,0.0002495933125937212,0.00028465106389353794,1.220847581702201,0.17381084405593356,0.0,0,"[[""let NP = 2;"", ""let NP = 1;""], [""let ND = 2;"", ""let ND = 4;""], [""    choose j in ND by (holders(D[j].kv) + queued(D[j].kv));"", ""    choose j in ND by (cachedin(D[j].kv) > 0 ? 0 : 1, holders(D[j].kv) + queued(D[j].kv));""]]"
colocated_cache,open,3,4,27.043333333333333,74.6152402846651,0.03732003066036519,0.0871683906499856,0.049848359989620415,0,1361.5608949525024,0.0002511664995175746,0.00027904231339431236,1.2266485900548214,0.18179443428833247,0.0,0,"[[""let NP = 2;"", ""let NP = 1;""], [""let ND = 2;"", ""let ND = 4;""], [""    choose j in ND by (holders(D[j].kv) + queued(D[j].kv));"", ""    choose j in ND by (cachedin(D[j].kv) > 0 ? 0 : 1, holders(D[j].kv) + queued(D[j].kv));""]]"
colocated_cache,open,3,5,26.776666666666667,73.00743234814678,0.034417148093122976,0.08374052195890519,0.049323373865782213,0,1268.9435160166943,0.0002481288804986022,0.00027904231339431236,1.2155826139588197,0.1678705457500865,0.0,0,"[[""let NP = 2;"", ""let NP = 1;""], [""let ND = 2;"", ""let ND = 4;""], [""    choose j in ND by (holders(D[j].kv) + queued(D[j].kv));"", ""    choose j in ND by (cachedin(D[j].kv) > 0 ? 0 : 1, holders(D[j].kv) + queued(D[j].kv));""]]"
split,open,1,1,9.05,24.955809382490948,0.042817726086136196,0.0866079681716925,0.043790242085556305,1,1157.9253892930446,0.00021870856361342125,0.00025769089478229885,1.2163211397778042,0.06896088985122838,0.0,0,"[[""let NP = 2;"", ""let NP = 3;""], [""let ND = 2;"", ""let ND = 1;""]]"
split,open,1,2,9.286666666666667,25.805066866483138,0.04455074170311995,0.0881758548651571,0.04362511316203715,1,1174.6564399565318,0.000218852571574189,0.0002602678037301215,1.2133293899890092,0.07171935340315004,0.0,0,"[[""let NP = 2;"", ""let NP = 3;""], [""let ND = 2;"", ""let ND = 1;""]]"
split,open,1,3,8.907777777777778,24.262065514039993,0.04052462811657601,0.08406486100511475,0.043540232888538734,1,1134.7383985030715,0.00021864055101617302,0.0002602678037301215,1.2097165403831365,0.06644104838170305,0.0,0,"[[""let NP = 2;"", ""let NP = 3;""], [""let ND = 2;"", ""let ND = 1;""]]"
split,open,1,4,9.23611111111111,25.649704901147604,0.04357402242742225,0.08703941182278693,0.043465389395364686,1,1163.647015139045,0.00021909990361056888,0.00026287048176742295,1.217498561312058,0.0706894044182402,0.0,0,"[[""let NP = 2;"", ""let NP = 3;""], [""let ND = 2;"", ""let ND = 1;""]]"
split,open,1,5,9.05,24.998055447032304,0.04226437829384791,0.08607596633559171,0.0438115880417438,1,1154.124121815502,0.00021845699510162473,0.00025769089478229885,1.2148066457992153,0.06879878030600113,0.0,0,"[[""let NP = 2;"", ""let NP = 3;""], [""let ND = 2;"", ""let ND = 1;""]]"
split,open,2,1,17.502777777777776,48.704998827311066,0.07895327405102208,0.123610672695164,0.04465739864414192,1,1495.834198603815,0.00022374936898335827,0.00027627951821219027,1.4429003921250265,0.17234782558783246,0.0,0,"[[""let NP = 2;"", ""let NP = 3;""], [""let ND = 2;"", ""let ND = 1;""]]"
split,open,2,2,18.197222222222223,51.280631180565884,0.08167416645251674,0.12647835549348138,0.04480418904096464,1,1512.5498234527774,0.0002241936922015916,0.00027627951821219027,1.4626663281726713,0.18119789059229,0.0,0,"[[""let NP = 2;"", ""let NP = 3;""], [""let ND = 2;"", ""let ND = 1;""]]"
split,open,2,3,18.070555555555554,50.16132000816451,0.08260155226446683,0.12739847204344432,0.044796919778977484,1,1530.4891606565277,0.00022408117793776362,0.000273544077437812,1.449875848594036,0.18178393007470603,0.0,0,"[[""let NP = 2;"", ""let NP = 3;""], [""let ND = 2;"", ""let ND = 1;""]]"
split,open,2,4,18.11111111111111,50.50931670626111,0.08317358459767436,0.1275436130754916,0.04437002847781725,1,1529.0513777320175,0.00022420151749064012,0.00027627951821219027,1.448687520756247,0.18226326668331447,0.0,0,"[[""let NP = 2;"", ""let NP = 3;""], [""let ND = 2;"", ""let ND = 1;""]]"
split,open,2,5,17.695,49.10379885707014,0.0788144813715628,0.12318237215005942,0.04436789077849662,1,1490.4506329346457,0.00022386133533220764,0.00027627951821219027,1.4437576085799446,0.17372894546701834,0.0,0,"[[""let NP = 2;"", ""let NP = 3;""], [""let ND = 2;"", ""let ND = 1;""]]"
split,open,3,1,26.386111111111113,76.22043430932906,0.18115750856540663,0.2267428854964777,0.045585376931071064,1,2215.407829721116,0.00022926304755058373,0.0002874975745324735,1.707841851436995,0.3846730375769962,0.02277777777777778,0,"[[""let NP = 2;"", ""let NP = 3;""], [""let ND = 2;"", ""let ND = 1;""]]"
split,open,3,2,27.110555555555557,79.05647537873317,0.1961213816934542,0.24182637090643033,0.04570498921297614,1,2353.9646892542696,0.00023004076493779284,0.00029037255027779794,1.730911060356943,0.4199989054708362,0.01611111111111111,0,"[[""let NP = 2;"", ""let NP = 3;""], [""let ND = 2;"", ""let ND = 1;""]]"
split,open,3,3,26.668333333333333,77.19084721407184,0.18927983087551228,0.2351004901275365,0.04582065925202422,1,2275.4200488071597,0.00022951683367015025,0.00029037255027779794,1.7117803077882963,0.3992931662068444,0.01,0,"[[""let NP = 2;"", ""let NP = 3;""], [""let ND = 2;"", ""let ND = 1;""]]"
split,open,3,4,26.99111111111111,78.98236816303825,0.2115787148300149,0.25719852941564103,0.04561981458562614,1,2407.4293865410614,0.00023012727359403567,0.00029037255027779794,1.725804161161202,0.4274626629528555,0.02388888888888889,0,"[[""let NP = 2;"", ""let NP = 3;""], [""let ND = 2;"", ""let ND = 1;""]]"
split,open,3,5,26.798333333333332,76.82939014137433,0.17976494532270998,0.2253941150209914,0.04562916969828143,1,2219.1665269010473,0.0002296426429800168,0.00029037255027779794,1.7188768663933516,0.3917906770528228,0.010555555555555556,0,"[[""let NP = 2;"", ""let NP = 3;""], [""let ND = 2;"", ""let ND = 1;""]]"
colocated,closed,20,1,7.252222222222223,19.999999999957467,0.042246464027011,0.08513982239143457,0.04289335836442357,0,2108.550249493176,0.00021360756042491813,0.0002327680000462351,1.00047486954399,0.07546268504508676,0.0,0,"[[""let NP = 2;"", ""let NP = 1;""], [""let ND = 2;"", ""let ND = 4;""], [""arrive poisson(Lambda);"", ""arrive closed(20);""]]"
colocated,closed,20,2,7.1883333333333335,19.999999999957073,0.04265779445470156,0.08527934809063598,0.042621553635934416,0,2131.165901364938,0.00021391501864702453,0.00023097446078175962,1.0007497883949998,0.07546739866869896,0.0,0,"[[""let NP = 2;"", ""let NP = 1;""], [""let ND = 2;"", ""let ND = 4;""], [""arrive poisson(Lambda);"", ""arrive closed(20);""]]"
colocated,closed,20,3,7.344444444444444,19.999999999957993,0.043134426695645704,0.08585004934302869,0.04271562264738298,0,2155.3801683663564,0.00021378788366854066,0.00023251200002505357,1.0004121747355135,0.07813290018045327,0.0,0,"[[""let NP = 2;"", ""let NP = 1;""], [""let ND = 2;"", ""let ND = 4;""], [""arrive poisson(Lambda);"", ""arrive closed(20);""]]"
colocated,closed,20,4,7.216111111111111,19.99999999995878,0.044132610574567264,0.08657176703268643,0.042439156458119166,0,2201.914831238557,0.00021383957264345656,0.0002327680000462351,1.0006459169460697,0.07832118782856459,0.0,0,"[[""let NP = 2;"", ""let NP = 1;""], [""let ND = 2;"", ""let ND = 4;""], [""arrive poisson(Lambda);"", ""arrive closed(20);""]]"
colocated,closed,20,5,7.26,19.999999999957645,0.042327658501945434,0.085486474860104,0.04315881635815856,0,2113.394038773924,0.0002136412884421571,0.0002327680000462351,1.001094398809209,0.07576909085503473,0.0,0,"[[""let NP = 2;"", ""let NP = 1;""], [""let ND = 2;"", ""let ND = 4;""], [""arrive poisson(Lambda);"", ""arrive closed(20);""]]"
colocated,closed,40,1,14.342222222222222,39.99999999986908,0.07933907471701644,0.12690788342002282,0.04756880870300638,0,3810.5950895121728,0.00023826936909541362,0.0002451840443940384,1.0294438457045534,0.2697773716053752,0.0,0,"[[""let NP = 2;"", ""let NP = 1;""], [""let ND = 2;"", ""let ND = 4;""], [""arrive poisson(Lambda);"", ""arrive closed(40);""]]"
colocated,closed,40,2,14.198333333333334,39.999999999871186,0.08094326472119882,0.12925669775873347,0.048313433037534645,0,3856.4468796818155,0.00024142318986402654,0.00024763588483797845,1.0321675703595217,0.2702018983727009,0.0,0,"[[""let NP = 2;"", ""let NP = 1;""], [""let ND = 2;"", ""let ND = 4;""], [""arrive poisson(Lambda);"", ""arrive closed(40);""]]"
colocated,closed,40,3,14.374444444444444,39.999999999872124,0.08184096570798043,0.12984240964610422,0.04800144393812379,0,3899.688900602944,0.00024062198545852603,0.0002451840443940384,1.0320451320493689,0.27663478685579135,0.0,0,"[[""let NP = 2;"", ""let NP = 1;""], [""let ND = 2;"", ""let ND = 4;""], [""arrive poisson(Lambda);"", ""arrive closed(40);""]]"
colocated,closed,40,4,14.230555555555556,39.99999999988401,0.08017406028635046,0.12793682662112088,0.04776276633477042,0,3842.9509961851945,0.00024038421326622402,0.00024763588483797845,1.0304468171941443,0.26983894240997464,0.0,0,"[[""let NP = 2;"", ""let NP = 1;""], [""let ND = 2;"", ""let ND = 4;""], [""arrive poisson(Lambda);"", ""arrive closed(40);""]]"
colocated,closed,40,5,14.403888888888888,39.99999999987816,0.07906391431718914,0.12659805946417688,0.04753414514698774,0,3780.1018148786834,0.00023921834008348102,0.0002451840443940384,1.0300556418542965,0.26893018767140864,0.0,0,"[[""let NP = 2;"", ""let NP = 1;""], [""let ND = 2;"", ""let ND = 4;""], [""arrive poisson(Lambda);"", ""arrive closed(40);""]]"
colocated,closed,60,1,21.13277777777778,59.99999999994014,0.10747587909982709,0.18033491899922846,0.07285903989940137,0,4526.847623745011,0.0003641155391877171,0.00026549918658509735,1.1735933541618107,0.4726925407475627,0.0,0,"[[""let NP = 2;"", ""let NP = 1;""], [""let ND = 2;"", ""let ND = 4;""], [""arrive poisson(Lambda);"", ""arrive closed(60);""]]"
colocated,closed,60,2,20.968888888888888,59.99999999992325,0.10705439590055271,0.17871279838733145,0.07165840248677874,0,4524.219169636909,0.00035850555831080504,0.000268154178450948,1.165026976270735,0.46841985399120706,0.0,0,"[[""let NP = 2;"", ""let NP = 1;""], [""let ND = 2;"", ""let ND = 4;""], [""arrive poisson(Lambda);"", ""arrive closed(60);""]]"
colocated,closed,60,3,21.160555555555554,59.99999999992401,0.10991856248520196,0.18324443468739185,0.07332587220218989,0,4587.7745373127555,0.00036718481410984806,0.000268154178450948,1.1767886774835954,0.4787948674207709,0.0,0,"[[""let NP = 2;"", ""let NP = 1;""], [""let ND = 2;"", ""let ND = 4;""], [""arrive poisson(Lambda);"", ""arrive closed(60);""]]"
colocated,closed,60,4,21.06111111111111,59.99999999992096,0.10738097527722627,0.179572396883714,0.07219142160648774,0,4518.9984940816075,0.00036278952317094686,0.000268154178450948,1.1696343105973455,0.4698444282547789,0.0,0,"[[""let NP = 2;"", ""let NP = 1;""], [""let ND = 2;"", ""let ND = 4;""], [""arrive poisson(Lambda);"", ""arrive closed(60);""]]"
colocated,closed,60,5,21.212777777777777,59.99999999994351,0.10830324269416285,0.18025547790585345,0.0719522352116906,0,4527.781485739551,0.00036203012659007626,0.000268154178450948,1.1714446182730602,0.47432693187817376,0.0,0,"[[""let NP = 2;"", ""let NP = 1;""], [""let ND = 2;"", ""let ND = 4;""], [""arrive poisson(Lambda);"", ""arrive closed(60);""]]"
colocated_cache,closed,20,1,7.316111111111111,19.9999999999591,0.015764162312224286,0.061341982019645296,0.04557781970742101,0,728.8414670489676,nan,0.00025513949978445415,1.0611707211143333,0.026319421509897606,0.0,0,"[[""let NP = 2;"", ""let NP = 1;""], [""let ND = 2;"", ""let ND = 4;""], [""    choose j in ND by (holders(D[j].kv) + queued(D[j].kv));"", ""    choose j in ND by (cachedin(D[j].kv) > 0 ? 0 : 1, holders(D[j].kv) + queued(D[j].kv));""], [""arrive poisson(Lambda);"", ""arrive closed(20);""]]"
colocated_cache,closed,20,2,7.250555555555556,19.99999999996095,0.015841470827541358,0.061198990697765195,0.045357519870223836,0,732.6010857664957,nan,0.00025513949978445415,1.0587590935404183,0.026206478529215146,0.0,0,"[[""let NP = 2;"", ""let NP = 1;""], [""let ND = 2;"", ""let ND = 4;""], [""    choose j in ND by (holders(D[j].kv) + queued(D[j].kv));"", ""    choose j in ND by (cachedin(D[j].kv) > 0 ? 0 : 1, holders(D[j].kv) + queued(D[j].kv));""], [""arrive poisson(Lambda);"", ""arrive closed(20);""]]"
colocated_cache,closed,20,3,7.407777777777778,19.999999999956632,0.015921552256095418,0.06129750328707565,0.04537595103098023,0,737.2240570148332,nan,0.00025769089478229885,1.0599536849524223,0.026945472404834827,0.0,0,"[[""let NP = 2;"", ""let NP = 1;""], [""let ND = 2;"", ""let ND = 4;""], [""    choose j in ND by (holders(D[j].kv) + queued(D[j].kv));"", ""    choose j in ND by (cachedin(D[j].kv) > 0 ? 0 : 1, holders(D[j].kv) + queued(D[j].kv));""], [""arrive poisson(Lambda);"", ""arrive closed(20);""]]"
colocated_cache,closed,20,4,7.287222222222222,19.999999999957133,0.016015526113694604,0.061284700129561845,0.04526917401586724,0,736.0500757501768,0.00022784693641940073,0.00025513949978445415,1.044052619013401,0.02645898470500907,0.0,0,"[[""let NP = 2;"", ""let NP = 1;""], [""let ND = 2;"", ""let ND = 4;""], [""    choose j in ND by (holders(D[j].kv) + queued(D[j].kv));"", ""    choose j in ND by (cachedin(D[j].kv) > 0 ? 0 : 1, holders(D[j].kv) + queued(D[j].kv));""], [""arrive poisson(Lambda);"", ""arrive closed(20);""]]"
colocated_cache,closed,20,5,7.316666666666666,19.999999999961496,0.016218918085523056,0.062072688315668686,0.04585377023014563,0,744.5527693127398,0.00022782448940279434,0.0002526133661232222,1.047061230837718,0.02690727480219758,0.0,0,"[[""let NP = 2;"", ""let NP = 1;""], [""let ND = 2;"", ""let ND = 4;""], [""    choose j in ND by (holders(D[j].kv) + queued(D[j].kv));"", ""    choose j in ND by (cachedin(D[j].kv) > 0 ? 0 : 1, holders(D[j].kv) + queued(D[j].kv));""], [""arrive poisson(Lambda);"", ""arrive closed(20);""]]"
colocated_cache,closed,40,1,14.592222222222222,39.99999999987355,0.022099951397183692,0.06896534254215711,0.046865391144973415,0,939.2159056119484,0.00023459605156059024,0.00026287048176742295,1.1010440977524905,0.06771884150236024,0.0,0,"[[""let NP = 2;"", ""let NP = 1;""], [""let ND = 2;"", ""let ND = 4;""], [""    choose j in ND by (holders(D[j].kv) + queued(D[j].kv));"", ""    choose j in ND by (cachedin(D[j].kv) > 0 ? 0 : 1, holders(D[j].kv) + queued(D[j].kv));""], [""arrive poisson(Lambda);"", ""arrive closed(40);""]]"
colocated_cache,closed,40,2,14.503333333333334,39.999999999873246,0.022002929566532554,0.06882873081809872,0.046825801251566164,0,933.4991300869136,0.00023448176959063577,0.0002602678037301215,1.100585817180618,0.06685554887386326,0.0,0,"[[""let NP = 2;"", ""let NP = 1;""], [""let ND = 2;"", ""let ND = 4;""], [""    choose j in ND by (holders(D[j].kv) + queued(D[j].kv));"", ""    choose j in ND by (cachedin(D[j].kv) > 0 ? 0 : 1, holders(D[j].kv) + queued(D[j].kv));""], [""arrive poisson(Lambda);"", ""arrive closed(40);""]]"
colocated_cache,closed,40,3,14.688333333333333,39.99999999987997,0.022539572203774443,0.06953601299764908,0.04699644079387464,0,941.7509182942005,0.0002360967349672745,0.00026549918658509735,1.1049164098457958,0.06831559456042603,0.0,0,"[[""let NP = 2;"", ""let NP = 1;""], [""let ND = 2;"", ""let ND = 4;""], [""    choose j in ND by (holders(D[j].kv) + queued(D[j].kv));"", ""    choose j in ND by (cachedin(D[j].kv) > 0 ? 0 : 1, holders(D[j].kv) + queued(D[j].kv));""], [""arrive poisson(Lambda);"", ""arrive closed(40);""]]"
colocated_cache,closed,40,4,14.557777777777778,39.99999999987068,0.022469494180856996,0.06902012143045719,0.04655062724960019,0,938.199821206603,0.00023440308343836548,0.00026549918658509735,1.097321373126516,0.0674182807518041,0.0,0,"[[""let NP = 2;"", ""let NP = 1;""], [""let ND = 2;"", ""let ND = 4;""], [""    choose j in ND by (holders(D[j].kv) + queued(D[j].kv));"", ""    choose j in ND by (cachedin(D[j].kv) > 0 ? 0 : 1, holders(D[j].kv) + queued(D[j].kv));""], [""arrive poisson(Lambda);"", ""arrive closed(40);""]]"
colocated_cache,closed,40,5,14.715,39.999999999890136,0.02192087016874719,0.06879507335698543,0.046874203188238234,0,924.5537173778291,0.00023514551735444065,0.00026287048176742295,1.1000773112263649,0.0672584508836652,0.0,0,"[[""let NP = 2;"", ""let NP = 1;""], [""let ND = 2;"", ""let ND = 4;""], [""    choose j in ND by (holders(D[j].kv) + queued(D[j].kv));"", ""    choose j in ND by (cachedin(D[j].kv) > 0 ? 0 : 1, holders(D[j].kv) + queued(D[j].kv));""], [""arrive poisson(Lambda);"", ""arrive closed(40);""]]"
colocated_cache,closed,60,1,21.949444444444445,59.99999999994148,0.028971422381637656,0.07731111524656568,0.04833969286492803,0,1130.3272604927508,0.00024186945906907968,0.0002708357202354577,1.164804205148025,0.12254832460239726,0.0,0,"[[""let NP = 2;"", ""let NP = 1;""], [""let ND = 2;"", ""let ND = 4;""], [""    choose j in ND by (holders(D[j].kv) + queued(D[j].kv));"", ""    choose j in ND by (cachedin(D[j].kv) > 0 ? 0 : 1, holders(D[j].kv) + queued(D[j].kv));""], [""arrive poisson(Lambda);"", ""arrive closed(60);""]]"
colocated_cache,closed,60,2,21.738333333333333,59.99999999991216,0.02908821244122386,0.07712221592395901,0.04803400348273515,0,1131.9768993216414,0.000240865721455607,0.000273544077437812,1.1582784754970952,0.12145825991989309,0.0,0,"[[""let NP = 2;"", ""let NP = 1;""], [""let ND = 2;"", ""let ND = 4;""], [""    choose j in ND by (holders(D[j].kv) + queued(D[j].kv));"", ""    choose j in ND by (cachedin(D[j].kv) > 0 ? 0 : 1, holders(D[j].kv) + queued(D[j].kv));""], [""arrive poisson(Lambda);"", ""arrive closed(60);""]]"
colocated_cache,closed,60,3,21.951666666666668,59.999999999932854,0.02974910735386744,0.07786763231672114,0.0481185249628537,0,1146.9820874722445,0.00024141478309592363,0.0002708357202354577,1.16477305898707,0.12426509610682748,0.0,0,"[[""let NP = 2;"", ""let NP = 1;""], [""let ND = 2;"", ""let ND = 4;""], [""    choose j in ND by (holders(D[j].kv) + queued(D[j].kv));"", ""    choose j in ND by (cachedin(D[j].kv) > 0 ? 0 : 1, holders(D[j].kv) + queued(D[j].kv));""], [""arrive poisson(Lambda);"", ""arrive closed(60);""]]"
colocated_cache,closed,60,4,21.822777777777777,59.99999999991829,0.02825457135003581,0.07599675868999767,0.047742187339961856,0,1113.5390194815245,0.00024017225454335035,0.000268154178450948,1.1623617286355024,0.12002562417717456,0.0,0,"[[""let NP = 2;"", ""let NP = 1;""], [""let ND = 2;"", ""let ND = 4;""], [""    choose j in ND by (holders(D[j].kv) + queued(D[j].kv));"", ""    choose j in ND by (cachedin(D[j].kv) > 0 ? 0 : 1, holders(D[j].kv) + queued(D[j].kv));""], [""arrive poisson(Lambda);"", ""arrive closed(60);""]]"
colocated_cache,closed,60,5,22.02,59.99999999991884,0.028424705994784926,0.07623396638111953,0.047809260386334596,0,1106.5304316263848,0.00024097574076965383,0.00027627951821219027,1.1654157070127313,0.12037599315980818,0.0,0,"[[""let NP = 2;"", ""let NP = 1;""], [""let ND = 2;"", ""let ND = 4;""], [""    choose j in ND by (holders(D[j].kv) + queued(D[j].kv));"", ""    choose j in ND by (cachedin(D[j].kv) > 0 ? 0 : 1, holders(D[j].kv) + queued(D[j].kv));""], [""arrive poisson(Lambda);"", ""arrive closed(60);""]]"
split,closed,20,1,7.288333333333333,19.999999999954518,0.032629146386487916,0.07615715271376329,0.043528006327275374,1,1032.8601059023333,0.00021725100967225026,0.00025769089478229885,1.1552622602304652,0.04953140065307885,0.0,0,"[[""let NP = 2;"", ""let NP = 3;""], [""let ND = 2;"", ""let ND = 1;""], [""arrive poisson(Lambda);"", ""arrive closed(20);""]]"
split,closed,20,2,7.2122222222222225,19.99999999995541,0.03253369532978169,0.07596710178544534,0.04343340645566365,1,1022.9947319997276,0.00021763975207403035,0.00025513949978445415,1.1631504737006813,0.04852028150824069,0.0,0,"[[""let NP = 2;"", ""let NP = 3;""], [""let ND = 2;"", ""let ND = 1;""], [""arrive poisson(Lambda);"", ""arrive closed(20);""]]"
split,closed,20,3,7.378888888888889,19.99999999995455,0.03217511270580206,0.0756009083486364,0.043425795642834344,1,1010.8776911208648,0.00021731703693471906,0.00025513949978445415,1.156998880179234,0.04907254735841052,0.0,0,"[[""let NP = 2;"", ""let NP = 3;""], [""let ND = 2;"", ""let ND = 1;""], [""arrive poisson(Lambda);"", ""arrive closed(20);""]]"
split,closed,20,4,7.2572222222222225,19.9999999999587,0.03289173116372378,0.07603971579127017,0.04314798462754639,1,1031.954300781703,0.00021761764236602477,0.00025513949978445415,1.1612602504886589,0.04920511309103418,0.0,0,"[[""let NP = 2;"", ""let NP = 3;""], [""let ND = 2;"", ""let ND = 1;""], [""arrive poisson(Lambda);"", ""arrive closed(20);""]]"
split,closed,20,5,7.28,19.999999999955755,0.031785991399143704,0.07560378642561223,0.04381779502646853,1,1014.4141804304078,0.00021709859783789793,0.0002526133661232222,1.158129425581898,0.04865807635155927,0.0,0,"[[""let NP = 2;"", ""let NP = 3;""], [""let ND = 2;"", ""let ND = 1;""], [""arrive poisson(Lambda);"", ""arrive closed(20);""]]"
split,closed,40,1,14.419444444444444,39.999999999856556,0.061557285409585716,0.10585480717305004,0.044297521763464326,1,1355.0394801959717,0.0002214789012516923,0.000268154178450948,1.3453691706020259,0.12862338871301246,0.0,0,"[[""let NP = 2;"", ""let NP = 3;""], [""let ND = 2;"", ""let ND = 1;""], [""arrive poisson(Lambda);"", ""arrive closed(40);""]]"
split,closed,40,2,14.306666666666667,39.99999999986306,0.063227096385712,0.10764414689093872,0.04441705050522672,1,1363.502541317869,0.00022167413270535278,0.0002708357202354577,1.34416750956046,0.1282942327551577,0.0,0,"[[""let NP = 2;"", ""let NP = 3;""], [""let ND = 2;"", ""let ND = 1;""], [""arrive poisson(Lambda);"", ""arrive closed(40);""]]"
split,closed,40,3,14.48611111111111,39.999999999866255,0.06380633466295627,0.10811171991401279,0.044305385251056525,1,1373.5906417362157,0.0002218992284517855,0.000268154178450948,1.3449619572137133,0.13082284490392768,0.0,0,"[[""let NP = 2;"", ""let NP = 3;""], [""let ND = 2;"", ""let ND = 1;""], [""arrive poisson(Lambda);"", ""arrive closed(40);""]]"
split,closed,40,4,14.345555555555556,39.99999999986769,0.062721524630954,0.10690775007724451,0.044186225446290514,1,1353.962224614963,0.00022165135499434708,0.0002708357202354577,1.3430687727752755,0.12782375946920055,0.0,0,"[[""let NP = 2;"", ""let NP = 3;""], [""let ND = 2;"", ""let ND = 1;""], [""arrive poisson(Lambda);"", ""arrive closed(40);""]]"
split,closed,40,5,14.501666666666667,39.999999999857586,0.06252811811033825,0.10652651770843309,0.043998399598094845,1,1356.8007443096822,0.0002215334934002772,0.000268154178450948,1.345956172373614,0.12964496509504508,0.0,0,"[[""let NP = 2;"", ""let NP = 3;""], [""let ND = 2;"", ""let ND = 1;""], [""arrive poisson(Lambda);"", ""arrive closed(40);""]]"
split,closed,60,1,21.414444444444445,59.999999999885944,0.09731007635822907,0.14247027509695798,0.04516019873872891,1,1647.7424306351595,0.00022584625166791083,0.00027904231339431236,1.5450691905347598,0.23244833208089233,0.0,0,"[[""let NP = 2;"", ""let NP = 3;""], [""let ND = 2;"", ""let ND = 1;""], [""arrive poisson(Lambda);"", ""arrive closed(60);""]]"
split,closed,60,2,21.261666666666667,59.99999999989458,0.09515432148746462,0.1401837052418634,0.045029383754398786,1,1644.3554906314484,0.00022578858757629948,0.00027904231339431236,1.5398382977785259,0.23010018681568647,0.0,0,"[[""let NP = 2;"", ""let NP = 3;""], [""let ND = 2;"", ""let ND = 1;""], [""arrive poisson(Lambda);"", ""arrive closed(60);""]]"
split,closed,60,3,21.424444444444443,59.9999999998763,0.09779562052655526,0.14290890829908556,0.045113287772530306,1,1652.4601787460645,0.0002261099018293339,0.00027904231339431236,1.5441819815223903,0.23291659889489688,0.0,0,"[[""let NP = 2;"", ""let NP = 3;""], [""let ND = 2;"", ""let ND = 1;""], [""arrive poisson(Lambda);"", ""arrive closed(60);""]]"
split,closed,60,4,21.325,59.99999999988526,0.09749850750597414,0.14246479810768836,0.044966290601714226,1,1632.1437256986749,0.0002258120090994145,0.00027904231339431236,1.5383592874955818,0.22899757328880002,0.0005555555555555556,0,"[[""let NP = 2;"", ""let NP = 3;""], [""let ND = 2;"", ""let ND = 1;""], [""arrive poisson(Lambda);"", ""arrive closed(60);""]]"
split,closed,60,5,21.50111111111111,59.99999999987483,0.09656671058798423,0.14139935949495547,0.04483264890697124,1,1660.9213599625043,0.00022589355103063116,0.00027904231339431236,1.545540663405758,0.2351434393335821,0.0,0,"[[""let NP = 2;"", ""let NP = 3;""], [""let ND = 2;"", ""let ND = 1;""], [""arrive poisson(Lambda);"", ""arrive closed(60);""]]"
